-- MySQL dump 10.13  Distrib 8.0.40, for Win64 (x86_64)
--
-- Host: localhost    Database: used_car_management_system
-- ------------------------------------------------------
-- Server version	8.0.40

/*!40101 SET @OLD_CHARACTER_SET_CLIENT=@@CHARACTER_SET_CLIENT */;
/*!40101 SET @OLD_CHARACTER_SET_RESULTS=@@CHARACTER_SET_RESULTS */;
/*!40101 SET @OLD_COLLATION_CONNECTION=@@COLLATION_CONNECTION */;
/*!50503 SET NAMES utf8 */;
/*!40103 SET @OLD_TIME_ZONE=@@TIME_ZONE */;
/*!40103 SET TIME_ZONE='+00:00' */;
/*!40014 SET @OLD_UNIQUE_CHECKS=@@UNIQUE_CHECKS, UNIQUE_CHECKS=0 */;
/*!40014 SET @OLD_FOREIGN_KEY_CHECKS=@@FOREIGN_KEY_CHECKS, FOREIGN_KEY_CHECKS=0 */;
/*!40101 SET @OLD_SQL_MODE=@@SQL_MODE, SQL_MODE='NO_AUTO_VALUE_ON_ZERO' */;
/*!40111 SET @OLD_SQL_NOTES=@@SQL_NOTES, SQL_NOTES=0 */;

--
-- Table structure for table `alembic_version`
--

DROP TABLE IF EXISTS `alembic_version`;
/*!40101 SET @saved_cs_client     = @@character_set_client */;
/*!50503 SET character_set_client = utf8mb4 */;
CREATE TABLE `alembic_version` (
  `version_num` varchar(32) NOT NULL,
  PRIMARY KEY (`version_num`)
) ENGINE=InnoDB DEFAULT CHARSET=utf8mb4 COLLATE=utf8mb4_0900_ai_ci;
/*!40101 SET character_set_client = @saved_cs_client */;

--
-- Dumping data for table `alembic_version`
--

LOCK TABLES `alembic_version` WRITE;
/*!40000 ALTER TABLE `alembic_version` DISABLE KEYS */;
INSERT INTO `alembic_version` VALUES ('5f61af4e57cc');
/*!40000 ALTER TABLE `alembic_version` ENABLE KEYS */;
UNLOCK TABLES;

--
-- Table structure for table `favorites`
--

DROP TABLE IF EXISTS `favorites`;
/*!40101 SET @saved_cs_client     = @@character_set_client */;
/*!50503 SET character_set_client = utf8mb4 */;
CREATE TABLE `favorites` (
  `user_id` int NOT NULL,
  `listing_id` int NOT NULL,
  PRIMARY KEY (`user_id`,`listing_id`),
  KEY `listing_id` (`listing_id`),
  CONSTRAINT `favorites_ibfk_1` FOREIGN KEY (`user_id`) REFERENCES `user_account` (`id`),
  CONSTRAINT `favorites_ibfk_2` FOREIGN KEY (`listing_id`) REFERENCES `used_car_listing` (`id`)
) ENGINE=InnoDB DEFAULT CHARSET=utf8mb4 COLLATE=utf8mb4_0900_ai_ci;
/*!40101 SET character_set_client = @saved_cs_client */;

--
-- Dumping data for table `favorites`
--

LOCK TABLES `favorites` WRITE;
/*!40000 ALTER TABLE `favorites` DISABLE KEYS */;
INSERT INTO `favorites` VALUES (20,1),(57,1),(99,1),(32,2),(6,3),(13,3),(31,3),(51,3),(91,3),(20,4),(29,4),(50,4),(79,4),(69,5),(82,5),(61,6),(16,7),(55,7),(101,7),(9,8),(23,8),(24,8),(36,8),(57,8),(71,9),(11,10),(12,10),(2,11),(46,11),(87,12),(45,13),(69,13),(2,14),(8,14),(31,14),(37,14),(58,14),(59,14),(44,15),(46,15),(70,15),(78,15),(87,15),(91,15),(6,16),(20,16),(61,16),(68,16),(90,16),(52,17),(83,17),(14,18),(67,18),(16,19),(38,19),(41,19),(67,19),(80,19),(54,20),(56,20),(62,20),(80,20),(89,20),(43,21),(50,21),(32,22),(35,22),(43,22),(44,22),(62,22),(3,24),(39,24),(52,24),(58,24),(67,24),(94,24),(15,25),(18,25),(87,25),(94,25),(22,27),(50,27),(59,27),(7,28),(47,28),(17,29),(19,29),(28,29),(36,29),(75,30),(65,31),(71,31),(94,31),(96,31),(2,32),(53,32),(86,32),(100,32),(43,33),(11,34),(25,34),(35,34),(49,34),(81,35),(16,36),(61,36),(75,36),(41,37),(68,37),(70,37),(97,37),(19,38),(22,38),(73,38),(94,38),(31,39),(96,39),(66,40),(67,40),(93,40),(70,41),(90,41),(23,43),(38,43),(58,44),(47,45),(76,45),(80,45),(99,45),(31,46),(68,46),(76,46),(32,47),(39,47),(42,47),(82,47),(13,48),(45,48),(49,48),(79,48),(16,49),(44,49),(78,49),(2,51),(89,51),(44,52),(48,52),(69,52),(71,52),(94,52),(17,53),(85,53),(87,53),(90,53),(92,53),(100,53),(22,54),(29,54),(59,54),(9,55),(66,55),(82,55),(99,55),(15,57),(17,57),(85,57),(36,58),(38,58),(39,58),(53,59),(19,60),(57,60),(58,61),(76,61),(9,62),(40,62),(44,62),(67,62),(26,63),(95,63),(96,63),(97,64),(8,65),(29,65),(2,66),(33,66),(43,66),(68,66),(83,66),(91,66),(86,67),(93,67),(12,69),(32,69),(62,69),(79,69),(96,69),(97,69),(53,70),(92,70),(19,71),(17,72),(29,72),(50,72),(80,72),(21,73),(92,73),(9,74),(25,74),(40,74),(71,74),(84,74),(9,75),(20,75),(74,75),(83,75),(22,76),(89,76),(3,77),(28,77),(46,77),(60,78),(16,79),(19,79),(24,79),(75,79),(46,80),(80,80),(18,81),(61,81),(70,81),(85,83),(51,84),(57,84),(27,85),(91,86),(25,87),(30,87),(32,87),(56,87),(60,87),(78,87),(26,88),(48,88),(85,88),(11,89),(24,89),(31,90),(49,90),(77,90),(76,91),(97,91),(24,92),(34,92),(38,92),(83,92),(96,92),(101,93),(5,94),(22,94),(69,94),(88,94),(10,95),(23,95),(84,95),(90,95),(8,96),(35,96),(45,96),(98,96),(21,97),(46,97),(63,97),(89,97),(90,97),(34,98),(57,98),(64,98),(72,98),(77,98),(85,98),(35,99),(4,100),(10,100),(43,100),(76,100);
/*!40000 ALTER TABLE `favorites` ENABLE KEYS */;
UNLOCK TABLES;

--
-- Table structure for table `reviews`
--

DROP TABLE IF EXISTS `reviews`;
/*!40101 SET @saved_cs_client     = @@character_set_client */;
/*!50503 SET character_set_client = utf8mb4 */;
CREATE TABLE `reviews` (
  `id` int NOT NULL AUTO_INCREMENT,
  `agent_id` int NOT NULL,
  `rating` int NOT NULL,
  `comment` varchar(2555) DEFAULT NULL,
  PRIMARY KEY (`id`),
  KEY `agent_id` (`agent_id`),
  CONSTRAINT `reviews_ibfk_1` FOREIGN KEY (`agent_id`) REFERENCES `user_account` (`id`)
) ENGINE=InnoDB AUTO_INCREMENT=101 DEFAULT CHARSET=utf8mb4 COLLATE=utf8mb4_0900_ai_ci;
/*!40101 SET character_set_client = @saved_cs_client */;

--
-- Dumping data for table `reviews`
--

LOCK TABLES `reviews` WRITE;
/*!40000 ALTER TABLE `reviews` DISABLE KEYS */;
INSERT INTO `reviews` VALUES (1,254,1,'Excellent service, very professional!'),(2,234,5,'The agent went above and beyond to help me with my purchase.'),(3,276,4,'Highly recommend this agent for their expertise.'),(4,229,4,'Professional and efficient. Great service overall.'),(5,232,1,'The agent was very helpful and knowledgeable.'),(6,268,5,'Really appreciated the agent\'s support throughout the process.'),(7,279,4,'Professional and efficient. Great service overall.'),(8,267,1,'Had a great experience working with this agent!'),(9,250,1,'Professional and efficient. Great service overall.'),(10,235,3,'Professional and efficient. Great service overall.'),(11,263,1,'Had a great experience working with this agent!'),(12,236,2,'Great experience, would definitely work with this agent again.'),(13,244,1,'The agent was very helpful and knowledgeable.'),(14,289,4,'The agent was a pleasure to work with, very friendly.'),(15,258,2,'Very satisfied with the service provided by this agent.'),(16,289,5,'The agent went above and beyond to help me with my purchase.'),(17,202,1,'Had a great experience working with this agent!'),(18,211,2,'Really appreciated the agent\'s support throughout the process.'),(19,295,5,'Had a great experience working with this agent!'),(20,245,3,'Really appreciated the agent\'s support throughout the process.'),(21,278,1,'Great experience, would definitely work with this agent again.'),(22,246,3,'Had a great experience working with this agent!'),(23,296,2,'Had a great experience working with this agent!'),(24,235,2,'Highly recommend this agent for their expertise.'),(25,230,1,'Professional and efficient. Great service overall.'),(26,231,1,'The agent went above and beyond to help me with my purchase.'),(27,220,4,'The agent was a pleasure to work with, very friendly.'),(28,295,4,'Highly recommend this agent for their expertise.'),(29,229,3,'Professional and efficient. Great service overall.'),(30,292,2,'Great experience, would definitely work with this agent again.'),(31,239,5,'Really appreciated the agent\'s support throughout the process.'),(32,291,1,'Great experience, would definitely work with this agent again.'),(33,207,2,'Really appreciated the agent\'s support throughout the process.'),(34,252,5,'The agent went above and beyond to help me with my purchase.'),(35,239,4,'The agent was a pleasure to work with, very friendly.'),(36,291,3,'The agent went above and beyond to help me with my purchase.'),(37,268,2,'The agent was very helpful and knowledgeable.'),(38,215,2,'Really appreciated the agent\'s support throughout the process.'),(39,295,4,'The agent was very helpful and knowledgeable.'),(40,233,2,'Excellent service, very professional!'),(41,212,1,'Excellent service, very professional!'),(42,253,5,'Very satisfied with the service provided by this agent.'),(43,287,5,'Excellent service, very professional!'),(44,300,3,'The agent went above and beyond to help me with my purchase.'),(45,232,2,'Very satisfied with the service provided by this agent.'),(46,202,3,'Excellent service, very professional!'),(47,291,3,'The agent went above and beyond to help me with my purchase.'),(48,242,5,'The agent was a pleasure to work with, very friendly.'),(49,244,1,'Highly recommend this agent for their expertise.'),(50,208,4,'Very satisfied with the service provided by this agent.'),(51,284,1,'Highly recommend this agent for their expertise.'),(52,289,2,'Great experience, would definitely work with this agent again.'),(53,263,5,'The agent was a pleasure to work with, very friendly.'),(54,211,5,'Really appreciated the agent\'s support throughout the process.'),(55,223,3,'Highly recommend this agent for their expertise.'),(56,249,4,'The agent went above and beyond to help me with my purchase.'),(57,205,2,'Professional and efficient. Great service overall.'),(58,292,2,'The agent went above and beyond to help me with my purchase.'),(59,238,1,'The agent was very helpful and knowledgeable.'),(60,214,5,'The agent was a pleasure to work with, very friendly.'),(61,298,2,'The agent went above and beyond to help me with my purchase.'),(62,279,5,'The agent went above and beyond to help me with my purchase.'),(63,244,4,'Really appreciated the agent\'s support throughout the process.'),(64,297,1,'The agent was very helpful and knowledgeable.'),(65,229,4,'Had a great experience working with this agent!'),(66,293,2,'Great experience, would definitely work with this agent again.'),(67,248,4,'Very satisfied with the service provided by this agent.'),(68,281,1,'Highly recommend this agent for their expertise.'),(69,290,2,'Had a great experience working with this agent!'),(70,238,3,'The agent was a pleasure to work with, very friendly.'),(71,237,2,'The agent went above and beyond to help me with my purchase.'),(72,209,4,'The agent was a pleasure to work with, very friendly.'),(73,269,4,'Professional and efficient. Great service overall.'),(74,273,5,'Really appreciated the agent\'s support throughout the process.'),(75,282,2,'The agent was a pleasure to work with, very friendly.'),(76,260,2,'Excellent service, very professional!'),(77,237,5,'Professional and efficient. Great service overall.'),(78,232,1,'Great experience, would definitely work with this agent again.'),(79,214,3,'Highly recommend this agent for their expertise.'),(80,246,2,'The agent was a pleasure to work with, very friendly.'),(81,254,1,'Really appreciated the agent\'s support throughout the process.'),(82,249,3,'The agent went above and beyond to help me with my purchase.'),(83,262,3,'Very satisfied with the service provided by this agent.'),(84,208,3,'Excellent service, very professional!'),(85,269,2,'The agent went above and beyond to help me with my purchase.'),(86,273,2,'Highly recommend this agent for their expertise.'),(87,216,2,'Very satisfied with the service provided by this agent.'),(88,301,5,'Great experience, would definitely work with this agent again.'),(89,209,4,'Highly recommend this agent for their expertise.'),(90,257,1,'Professional and efficient. Great service overall.'),(91,237,5,'The agent was very helpful and knowledgeable.'),(92,289,2,'Really appreciated the agent\'s support throughout the process.'),(93,203,5,'Excellent service, very professional!'),(94,273,3,'Had a great experience working with this agent!'),(95,203,1,'The agent went above and beyond to help me with my purchase.'),(96,301,1,'Excellent service, very professional!'),(97,207,1,'Very satisfied with the service provided by this agent.'),(98,216,5,'Very satisfied with the service provided by this agent.'),(99,249,3,'The agent went above and beyond to help me with my purchase.'),(100,231,2,'The agent was a pleasure to work with, very friendly.');
/*!40000 ALTER TABLE `reviews` ENABLE KEYS */;
UNLOCK TABLES;

--
-- Table structure for table `used_car_listing`
--

DROP TABLE IF EXISTS `used_car_listing`;
/*!40101 SET @saved_cs_client     = @@character_set_client */;
/*!50503 SET character_set_client = utf8mb4 */;
CREATE TABLE `used_car_listing` (
  `id` int NOT NULL AUTO_INCREMENT,
  `brand` varchar(50) NOT NULL,
  `model` varchar(50) NOT NULL,
  `year` int NOT NULL,
  `price` float NOT NULL,
  `description` text,
  `seller_username` varchar(50) NOT NULL,
  `seller_id` int NOT NULL,
  `agent_id` int NOT NULL,
  `view_count` int DEFAULT NULL,
  `shortlisted_count` int DEFAULT NULL,
  PRIMARY KEY (`id`),
  KEY `seller_id` (`seller_id`),
  KEY `agent_id` (`agent_id`),
  CONSTRAINT `used_car_listing_ibfk_1` FOREIGN KEY (`seller_id`) REFERENCES `user_account` (`id`),
  CONSTRAINT `used_car_listing_ibfk_2` FOREIGN KEY (`agent_id`) REFERENCES `user_account` (`id`)
) ENGINE=InnoDB AUTO_INCREMENT=101 DEFAULT CHARSET=utf8mb4 COLLATE=utf8mb4_0900_ai_ci;
/*!40101 SET character_set_client = @saved_cs_client */;

--
-- Dumping data for table `used_car_listing`
--

LOCK TABLES `used_car_listing` WRITE;
/*!40000 ALTER TABLE `used_car_listing` DISABLE KEYS */;
INSERT INTO `used_car_listing` VALUES (1,'Ford','Altima',2006,24347.3,'Car Specifications:\nBrand: Ford\nModel: Altima\nYear: 2006\nMileage: 80000 km\nWeight: 2472 kg\nFuel Type: Hybrid\nTransmission: Automatic\nColor: Silver\nEngine Size: 2.5L','kingpatricia',182,274,98,0),(2,'Hyundai','Altima',2013,8319.13,'Car Specifications:\nBrand: Hyundai\nModel: Altima\nYear: 2013\nMileage: 180000 km\nWeight: 1627 kg\nFuel Type: Diesel\nTransmission: Automatic\nColor: Orange\nEngine Size: 3.0L','gomezchristopher',117,233,141,0),(3,'Ford','X5',2020,17824.6,'Car Specifications:\nBrand: Ford\nModel: X5\nYear: 2020\nMileage: 120000 km\nWeight: 1439 kg\nFuel Type: Diesel\nTransmission: Automatic\nColor: Red\nEngine Size: 1.5L','john55',163,249,66,0),(4,'Volkswagen','A-Class',2023,19885.6,'Car Specifications:\nBrand: Volkswagen\nModel: A-Class\nYear: 2023\nMileage: 70000 km\nWeight: 1295 kg\nFuel Type: Electric\nTransmission: Automatic\nColor: Gray\nEngine Size: 4.0L','john55',163,252,82,0),(5,'Honda','A-Class',2013,26535,'Car Specifications:\nBrand: Honda\nModel: A-Class\nYear: 2013\nMileage: 5000 km\nWeight: 2203 kg\nFuel Type: Electric\nTransmission: Automatic\nColor: Silver\nEngine Size: 3.5L','jason20',110,242,307,0),(6,'Chevrolet','Altima',2024,22852,'Car Specifications:\nBrand: Chevrolet\nModel: Altima\nYear: 2024\nMileage: 100000 km\nWeight: 1759 kg\nFuel Type: Diesel\nTransmission: Manual\nColor: Blue\nEngine Size: 2.0L','anitawilson',149,218,109,0),(7,'Hyundai','Civic',2012,20397.5,'Car Specifications:\nBrand: Hyundai\nModel: Civic\nYear: 2012\nMileage: 90000 km\nWeight: 1480 kg\nFuel Type: Hybrid\nTransmission: Manual\nColor: Green\nEngine Size: 3.5L','frankpena',112,283,286,0),(8,'Chevrolet','Golf',2015,9421.86,'Car Specifications:\nBrand: Chevrolet\nModel: Golf\nYear: 2015\nMileage: 95000 km\nWeight: 1793 kg\nFuel Type: Petrol\nTransmission: Automatic\nColor: Silver\nEngine Size: 4.0L','gomezchristopher',117,271,337,0),(9,'Volkswagen','Sonata',2002,9188.13,'Car Specifications:\nBrand: Volkswagen\nModel: Sonata\nYear: 2002\nMileage: 155000 km\nWeight: 1182 kg\nFuel Type: Hybrid\nTransmission: Automatic\nColor: White\nEngine Size: 2.5L','corr',151,281,55,0),(10,'Mercedes','Impala',2018,28736.7,'Car Specifications:\nBrand: Mercedes\nModel: Impala\nYear: 2018\nMileage: 90000 km\nWeight: 2273 kg\nFuel Type: Diesel\nTransmission: Manual\nColor: Gray\nEngine Size: 2.5L','stephen63',180,268,134,0),(11,'Audi','Civic',2019,5508.82,'Car Specifications:\nBrand: Audi\nModel: Civic\nYear: 2019\nMileage: 240000 km\nWeight: 1186 kg\nFuel Type: Petrol\nTransmission: Automatic\nColor: Green\nEngine Size: 4.0L','ortizmichael',184,290,276,0),(12,'Ford','Civic',2016,21780.3,'Car Specifications:\nBrand: Ford\nModel: Civic\nYear: 2016\nMileage: 110000 km\nWeight: 1831 kg\nFuel Type: Petrol\nTransmission: Automatic\nColor: Orange\nEngine Size: 4.0L','shelby65',158,288,309,0),(13,'Volkswagen','Impala',2008,27825,'Car Specifications:\nBrand: Volkswagen\nModel: Impala\nYear: 2008\nMileage: 150000 km\nWeight: 1756 kg\nFuel Type: Diesel\nTransmission: Automatic\nColor: Orange\nEngine Size: 4.0L','jameslittle',128,251,86,0),(14,'Toyota','Mustang',2002,19784.7,'Car Specifications:\nBrand: Toyota\nModel: Mustang\nYear: 2002\nMileage: 170000 km\nWeight: 1886 kg\nFuel Type: Petrol\nTransmission: Automatic\nColor: Red\nEngine Size: 2.0L','ebarber',125,232,424,0),(15,'Honda','Camry',2021,11123.5,'Car Specifications:\nBrand: Honda\nModel: Camry\nYear: 2021\nMileage: 195000 km\nWeight: 2217 kg\nFuel Type: Diesel\nTransmission: Manual\nColor: Green\nEngine Size: 2.0L','janet90',152,263,263,0),(16,'Chevrolet','Camry',2022,27278.7,'Car Specifications:\nBrand: Chevrolet\nModel: Camry\nYear: 2022\nMileage: 80000 km\nWeight: 1734 kg\nFuel Type: Hybrid\nTransmission: Automatic\nColor: Red\nEngine Size: 3.5L','wturner',186,300,287,0),(17,'Volkswagen','A4',2009,19971.6,'Car Specifications:\nBrand: Volkswagen\nModel: A4\nYear: 2009\nMileage: 225000 km\nWeight: 1143 kg\nFuel Type: Diesel\nTransmission: Manual\nColor: Silver\nEngine Size: 4.0L','willisamanda',160,202,177,0),(18,'Ford','Altima',2015,21410.6,'Car Specifications:\nBrand: Ford\nModel: Altima\nYear: 2015\nMileage: 85000 km\nWeight: 2033 kg\nFuel Type: Hybrid\nTransmission: Automatic\nColor: Orange\nEngine Size: 3.5L','tiffany55',132,245,26,0),(19,'Nissan','Impala',2023,16591.9,'Car Specifications:\nBrand: Nissan\nModel: Impala\nYear: 2023\nMileage: 130000 km\nWeight: 1070 kg\nFuel Type: Electric\nTransmission: Manual\nColor: Silver\nEngine Size: 2.0L','nvalencia',171,254,396,0),(20,'Volkswagen','Golf',2008,13364.2,'Car Specifications:\nBrand: Volkswagen\nModel: Golf\nYear: 2008\nMileage: 60000 km\nWeight: 2297 kg\nFuel Type: Petrol\nTransmission: Automatic\nColor: Orange\nEngine Size: 3.0L','john55',163,248,404,0),(21,'Hyundai','Golf',2021,22014.4,'Car Specifications:\nBrand: Hyundai\nModel: Golf\nYear: 2021\nMileage: 65000 km\nWeight: 1760 kg\nFuel Type: Petrol\nTransmission: Manual\nColor: Blue\nEngine Size: 1.0L','jeffreypope',142,243,255,0),(22,'Mercedes','A-Class',2011,9125.77,'Car Specifications:\nBrand: Mercedes\nModel: A-Class\nYear: 2011\nMileage: 220000 km\nWeight: 1354 kg\nFuel Type: Hybrid\nTransmission: Manual\nColor: Gray\nEngine Size: 3.5L','moorewhitney',165,227,398,0),(23,'BMW','Sonata',2010,19766.7,'Car Specifications:\nBrand: BMW\nModel: Sonata\nYear: 2010\nMileage: 50000 km\nWeight: 1833 kg\nFuel Type: Petrol\nTransmission: Automatic\nColor: Black\nEngine Size: 2.5L','jeffreypope',142,207,116,0),(24,'Nissan','X5',2017,28793.7,'Car Specifications:\nBrand: Nissan\nModel: X5\nYear: 2017\nMileage: 215000 km\nWeight: 1594 kg\nFuel Type: Electric\nTransmission: Manual\nColor: Yellow\nEngine Size: 3.5L','blairmark',155,213,227,0),(25,'Ford','Impala',2022,13913.8,'Car Specifications:\nBrand: Ford\nModel: Impala\nYear: 2022\nMileage: 20000 km\nWeight: 1199 kg\nFuel Type: Hybrid\nTransmission: Manual\nColor: Black\nEngine Size: 2.5L','sho',173,271,177,0),(26,'Chevrolet','Impala',2017,25207.2,'Car Specifications:\nBrand: Chevrolet\nModel: Impala\nYear: 2017\nMileage: 105000 km\nWeight: 1794 kg\nFuel Type: Hybrid\nTransmission: Automatic\nColor: Orange\nEngine Size: 1.5L','perrylinda',175,212,421,0),(27,'BMW','X5',2015,6103.1,'Car Specifications:\nBrand: BMW\nModel: X5\nYear: 2015\nMileage: 225000 km\nWeight: 1710 kg\nFuel Type: Electric\nTransmission: Automatic\nColor: Black\nEngine Size: 1.0L','ortizmichael',184,274,127,0),(28,'Volkswagen','Altima',2009,10274.2,'Car Specifications:\nBrand: Volkswagen\nModel: Altima\nYear: 2009\nMileage: 190000 km\nWeight: 1322 kg\nFuel Type: Petrol\nTransmission: Automatic\nColor: Gray\nEngine Size: 2.5L','warnerbrendan',121,233,121,0),(29,'Ford','X5',2012,17627.8,'Car Specifications:\nBrand: Ford\nModel: X5\nYear: 2012\nMileage: 190000 km\nWeight: 1441 kg\nFuel Type: Hybrid\nTransmission: Automatic\nColor: Red\nEngine Size: 4.0L','smanning',136,278,103,0),(30,'Chevrolet','Golf',2007,26127.5,'Car Specifications:\nBrand: Chevrolet\nModel: Golf\nYear: 2007\nMileage: 125000 km\nWeight: 2168 kg\nFuel Type: Petrol\nTransmission: Manual\nColor: White\nEngine Size: 4.0L','aaron33',174,225,403,0),(31,'Chevrolet','A4',2017,21251.2,'Car Specifications:\nBrand: Chevrolet\nModel: A4\nYear: 2017\nMileage: 160000 km\nWeight: 2117 kg\nFuel Type: Electric\nTransmission: Manual\nColor: Gray\nEngine Size: 4.0L','moorewhitney',165,243,464,0),(32,'Hyundai','X5',2012,27481.7,'Car Specifications:\nBrand: Hyundai\nModel: X5\nYear: 2012\nMileage: 140000 km\nWeight: 1018 kg\nFuel Type: Hybrid\nTransmission: Manual\nColor: Yellow\nEngine Size: 1.0L','anitawilson',149,244,188,0),(33,'Volkswagen','Golf',2003,26422.7,'Car Specifications:\nBrand: Volkswagen\nModel: Golf\nYear: 2003\nMileage: 120000 km\nWeight: 2463 kg\nFuel Type: Diesel\nTransmission: Manual\nColor: White\nEngine Size: 3.0L','jack92',138,237,160,0),(34,'Honda','Altima',2019,22127.8,'Car Specifications:\nBrand: Honda\nModel: Altima\nYear: 2019\nMileage: 155000 km\nWeight: 1846 kg\nFuel Type: Electric\nTransmission: Automatic\nColor: Orange\nEngine Size: 4.0L','christie13',114,242,459,0),(35,'Audi','A-Class',2018,11719.8,'Car Specifications:\nBrand: Audi\nModel: A-Class\nYear: 2018\nMileage: 185000 km\nWeight: 2115 kg\nFuel Type: Petrol\nTransmission: Manual\nColor: Red\nEngine Size: 3.0L','jason69',172,203,194,0),(36,'Mercedes','Golf',2004,23201.7,'Car Specifications:\nBrand: Mercedes\nModel: Golf\nYear: 2004\nMileage: 215000 km\nWeight: 2022 kg\nFuel Type: Diesel\nTransmission: Automatic\nColor: Green\nEngine Size: 1.0L','perezamanda',120,281,452,0),(37,'Hyundai','Sonata',2013,9301.4,'Car Specifications:\nBrand: Hyundai\nModel: Sonata\nYear: 2013\nMileage: 145000 km\nWeight: 1156 kg\nFuel Type: Hybrid\nTransmission: Manual\nColor: Red\nEngine Size: 3.0L','walkerjonathan',135,249,467,0),(38,'Audi','Altima',2004,5002.59,'Car Specifications:\nBrand: Audi\nModel: Altima\nYear: 2004\nMileage: 225000 km\nWeight: 1416 kg\nFuel Type: Electric\nTransmission: Manual\nColor: Green\nEngine Size: 3.5L','greeneamanda',183,236,295,0),(39,'Mercedes','Golf',2017,13755.8,'Car Specifications:\nBrand: Mercedes\nModel: Golf\nYear: 2017\nMileage: 45000 km\nWeight: 1398 kg\nFuel Type: Electric\nTransmission: Automatic\nColor: Orange\nEngine Size: 2.0L','rodriguezkatelyn',193,244,297,0),(40,'Chevrolet','A4',2014,8827.54,'Car Specifications:\nBrand: Chevrolet\nModel: A4\nYear: 2014\nMileage: 20000 km\nWeight: 1159 kg\nFuel Type: Electric\nTransmission: Automatic\nColor: White\nEngine Size: 2.5L','porterwilliam',104,232,143,0),(41,'Audi','A4',2024,27663.3,'Car Specifications:\nBrand: Audi\nModel: A4\nYear: 2024\nMileage: 245000 km\nWeight: 2309 kg\nFuel Type: Electric\nTransmission: Automatic\nColor: Silver\nEngine Size: 4.0L','enorris',195,275,3,0),(42,'Honda','Civic',2011,23849.1,'Car Specifications:\nBrand: Honda\nModel: Civic\nYear: 2011\nMileage: 215000 km\nWeight: 1648 kg\nFuel Type: Electric\nTransmission: Automatic\nColor: Gray\nEngine Size: 3.5L','porterwilliam',104,208,99,0),(43,'Mercedes','Sonata',2018,8712.17,'Car Specifications:\nBrand: Mercedes\nModel: Sonata\nYear: 2018\nMileage: 160000 km\nWeight: 1250 kg\nFuel Type: Electric\nTransmission: Automatic\nColor: Green\nEngine Size: 1.0L','maria89',134,253,296,0),(44,'Honda','Golf',2008,14825.3,'Car Specifications:\nBrand: Honda\nModel: Golf\nYear: 2008\nMileage: 225000 km\nWeight: 2306 kg\nFuel Type: Hybrid\nTransmission: Automatic\nColor: Red\nEngine Size: 3.5L','nvalencia',171,270,297,0),(45,'Mercedes','Sonata',2011,17760.7,'Car Specifications:\nBrand: Mercedes\nModel: Sonata\nYear: 2011\nMileage: 115000 km\nWeight: 2353 kg\nFuel Type: Electric\nTransmission: Manual\nColor: Blue\nEngine Size: 2.5L','jason69',172,262,480,0),(46,'Honda','Mustang',2014,12025.3,'Car Specifications:\nBrand: Honda\nModel: Mustang\nYear: 2014\nMileage: 150000 km\nWeight: 1314 kg\nFuel Type: Diesel\nTransmission: Manual\nColor: Orange\nEngine Size: 1.0L','jason20',110,294,459,0),(47,'BMW','Mustang',2011,25677.3,'Car Specifications:\nBrand: BMW\nModel: Mustang\nYear: 2011\nMileage: 75000 km\nWeight: 1265 kg\nFuel Type: Hybrid\nTransmission: Manual\nColor: Silver\nEngine Size: 2.5L','lisa59',102,252,381,0),(48,'Hyundai','Sonata',2017,10305.7,'Car Specifications:\nBrand: Hyundai\nModel: Sonata\nYear: 2017\nMileage: 155000 km\nWeight: 1406 kg\nFuel Type: Hybrid\nTransmission: Automatic\nColor: Orange\nEngine Size: 1.0L','kanelaurie',157,263,192,0),(49,'Chevrolet','X5',2004,13044.8,'Car Specifications:\nBrand: Chevrolet\nModel: X5\nYear: 2004\nMileage: 205000 km\nWeight: 1415 kg\nFuel Type: Electric\nTransmission: Manual\nColor: Blue\nEngine Size: 3.5L','novakjennifer',108,285,468,0),(50,'Audi','Mustang',2020,19549.2,'Car Specifications:\nBrand: Audi\nModel: Mustang\nYear: 2020\nMileage: 170000 km\nWeight: 1833 kg\nFuel Type: Petrol\nTransmission: Manual\nColor: Gray\nEngine Size: 4.0L','woodwilliam',109,277,448,0),(51,'Nissan','Civic',2003,25093.9,'Car Specifications:\nBrand: Nissan\nModel: Civic\nYear: 2003\nMileage: 195000 km\nWeight: 1205 kg\nFuel Type: Hybrid\nTransmission: Manual\nColor: Blue\nEngine Size: 1.5L','davidharris',169,301,44,0),(52,'Volkswagen','Golf',2009,10956.5,'Car Specifications:\nBrand: Volkswagen\nModel: Golf\nYear: 2009\nMileage: 205000 km\nWeight: 2198 kg\nFuel Type: Petrol\nTransmission: Manual\nColor: White\nEngine Size: 2.0L','woodwilliam',109,278,295,0),(53,'Audi','Civic',2002,11326,'Car Specifications:\nBrand: Audi\nModel: Civic\nYear: 2002\nMileage: 35000 km\nWeight: 1841 kg\nFuel Type: Electric\nTransmission: Automatic\nColor: Gray\nEngine Size: 2.5L','heidi70',126,223,105,0),(54,'Mercedes','Sonata',2005,7253.01,'Car Specifications:\nBrand: Mercedes\nModel: Sonata\nYear: 2005\nMileage: 120000 km\nWeight: 1717 kg\nFuel Type: Diesel\nTransmission: Automatic\nColor: Silver\nEngine Size: 3.0L','anitawilson',149,285,122,0),(55,'Volkswagen','A-Class',2011,10061.1,'Car Specifications:\nBrand: Volkswagen\nModel: A-Class\nYear: 2011\nMileage: 75000 km\nWeight: 1182 kg\nFuel Type: Diesel\nTransmission: Manual\nColor: Silver\nEngine Size: 3.0L','ymcdonald',146,247,309,0),(56,'Ford','X5',2001,23622.3,'Car Specifications:\nBrand: Ford\nModel: X5\nYear: 2001\nMileage: 110000 km\nWeight: 1736 kg\nFuel Type: Petrol\nTransmission: Automatic\nColor: Yellow\nEngine Size: 1.0L','sho',173,224,497,0),(57,'Hyundai','A-Class',2001,8077.33,'Car Specifications:\nBrand: Hyundai\nModel: A-Class\nYear: 2001\nMileage: 245000 km\nWeight: 2116 kg\nFuel Type: Diesel\nTransmission: Automatic\nColor: Black\nEngine Size: 1.5L','aaron33',174,275,49,0),(58,'Audi','Civic',2011,9461.99,'Car Specifications:\nBrand: Audi\nModel: Civic\nYear: 2011\nMileage: 150000 km\nWeight: 1289 kg\nFuel Type: Diesel\nTransmission: Manual\nColor: White\nEngine Size: 1.0L','brownchristine',148,297,283,0),(59,'BMW','Impala',2007,22231.2,'Car Specifications:\nBrand: BMW\nModel: Impala\nYear: 2007\nMileage: 75000 km\nWeight: 2426 kg\nFuel Type: Hybrid\nTransmission: Manual\nColor: Blue\nEngine Size: 3.0L','fjones',192,285,493,0),(60,'Chevrolet','Camry',2014,13067.7,'Car Specifications:\nBrand: Chevrolet\nModel: Camry\nYear: 2014\nMileage: 215000 km\nWeight: 1110 kg\nFuel Type: Petrol\nTransmission: Automatic\nColor: Orange\nEngine Size: 2.5L','twaters',194,243,184,0),(61,'Ford','Mustang',2020,6834.79,'Car Specifications:\nBrand: Ford\nModel: Mustang\nYear: 2020\nMileage: 145000 km\nWeight: 1320 kg\nFuel Type: Petrol\nTransmission: Automatic\nColor: Orange\nEngine Size: 4.0L','steven85',188,204,242,0),(62,'Nissan','A4',2017,13281.2,'Car Specifications:\nBrand: Nissan\nModel: A4\nYear: 2017\nMileage: 95000 km\nWeight: 1148 kg\nFuel Type: Diesel\nTransmission: Manual\nColor: Silver\nEngine Size: 1.0L','william35',103,291,106,0),(63,'BMW','Altima',2011,27692.4,'Car Specifications:\nBrand: BMW\nModel: Altima\nYear: 2011\nMileage: 65000 km\nWeight: 1276 kg\nFuel Type: Electric\nTransmission: Manual\nColor: Black\nEngine Size: 1.0L','blairmark',155,291,425,0),(64,'Mercedes','Sonata',2020,26040.5,'Car Specifications:\nBrand: Mercedes\nModel: Sonata\nYear: 2020\nMileage: 60000 km\nWeight: 1635 kg\nFuel Type: Hybrid\nTransmission: Automatic\nColor: Red\nEngine Size: 2.5L','bridget38',153,293,430,0),(65,'Toyota','A4',2024,15956.2,'Car Specifications:\nBrand: Toyota\nModel: A4\nYear: 2024\nMileage: 90000 km\nWeight: 1777 kg\nFuel Type: Diesel\nTransmission: Automatic\nColor: Orange\nEngine Size: 3.5L','davidharris',169,294,454,0),(66,'Toyota','Civic',2009,20240.2,'Car Specifications:\nBrand: Toyota\nModel: Civic\nYear: 2009\nMileage: 95000 km\nWeight: 2273 kg\nFuel Type: Petrol\nTransmission: Automatic\nColor: Blue\nEngine Size: 3.5L','warnerbrendan',121,262,187,0),(67,'Ford','Civic',2018,25199.7,'Car Specifications:\nBrand: Ford\nModel: Civic\nYear: 2018\nMileage: 165000 km\nWeight: 1161 kg\nFuel Type: Hybrid\nTransmission: Manual\nColor: White\nEngine Size: 4.0L','rodriguezkatelyn',193,277,75,0),(68,'BMW','Golf',2009,29655.7,'Car Specifications:\nBrand: BMW\nModel: Golf\nYear: 2009\nMileage: 160000 km\nWeight: 1966 kg\nFuel Type: Petrol\nTransmission: Automatic\nColor: Black\nEngine Size: 1.5L','rwatson',191,244,266,0),(69,'Hyundai','Golf',2013,12131.2,'Car Specifications:\nBrand: Hyundai\nModel: Golf\nYear: 2013\nMileage: 40000 km\nWeight: 2198 kg\nFuel Type: Hybrid\nTransmission: Manual\nColor: Orange\nEngine Size: 2.0L','alexanderveronica',130,292,322,0),(70,'Ford','Altima',2007,11508.9,'Car Specifications:\nBrand: Ford\nModel: Altima\nYear: 2007\nMileage: 100000 km\nWeight: 1867 kg\nFuel Type: Electric\nTransmission: Manual\nColor: Blue\nEngine Size: 1.0L','jason20',110,252,120,0),(71,'Volkswagen','Altima',2017,28988.8,'Car Specifications:\nBrand: Volkswagen\nModel: Altima\nYear: 2017\nMileage: 20000 km\nWeight: 1200 kg\nFuel Type: Diesel\nTransmission: Automatic\nColor: Orange\nEngine Size: 4.0L','davidharris',169,253,159,0),(72,'Mercedes','X5',2014,19544.8,'Car Specifications:\nBrand: Mercedes\nModel: X5\nYear: 2014\nMileage: 235000 km\nWeight: 1312 kg\nFuel Type: Electric\nTransmission: Automatic\nColor: Gray\nEngine Size: 2.5L','serranojennifer',179,235,1,0),(73,'BMW','Golf',2003,13547,'Car Specifications:\nBrand: BMW\nModel: Golf\nYear: 2003\nMileage: 35000 km\nWeight: 1996 kg\nFuel Type: Hybrid\nTransmission: Automatic\nColor: Gray\nEngine Size: 3.5L','jameslittle',128,281,459,0),(74,'Hyundai','Sonata',2012,19747.6,'Car Specifications:\nBrand: Hyundai\nModel: Sonata\nYear: 2012\nMileage: 100000 km\nWeight: 1080 kg\nFuel Type: Hybrid\nTransmission: Manual\nColor: Silver\nEngine Size: 1.5L','gomezchristopher',117,301,351,0),(75,'Honda','Camry',2012,24764.4,'Car Specifications:\nBrand: Honda\nModel: Camry\nYear: 2012\nMileage: 95000 km\nWeight: 1153 kg\nFuel Type: Petrol\nTransmission: Automatic\nColor: White\nEngine Size: 2.5L','ortizmichael',184,240,42,0),(76,'Volkswagen','Mustang',2009,5950.59,'Car Specifications:\nBrand: Volkswagen\nModel: Mustang\nYear: 2009\nMileage: 160000 km\nWeight: 2420 kg\nFuel Type: Hybrid\nTransmission: Automatic\nColor: Gray\nEngine Size: 1.5L','porterwilliam',104,247,345,0),(77,'Nissan','Mustang',2015,29321.2,'Car Specifications:\nBrand: Nissan\nModel: Mustang\nYear: 2015\nMileage: 210000 km\nWeight: 1865 kg\nFuel Type: Electric\nTransmission: Manual\nColor: Orange\nEngine Size: 2.5L','erobertson',198,224,274,0),(78,'Mercedes','Impala',2022,9214.64,'Car Specifications:\nBrand: Mercedes\nModel: Impala\nYear: 2022\nMileage: 55000 km\nWeight: 1837 kg\nFuel Type: Hybrid\nTransmission: Manual\nColor: Black\nEngine Size: 3.5L','ebarber',125,251,98,0),(79,'Mercedes','Golf',2014,9252.63,'Car Specifications:\nBrand: Mercedes\nModel: Golf\nYear: 2014\nMileage: 110000 km\nWeight: 1739 kg\nFuel Type: Electric\nTransmission: Automatic\nColor: Yellow\nEngine Size: 2.5L','warnerbrendan',121,258,76,0),(80,'Volkswagen','Civic',2003,26155,'Car Specifications:\nBrand: Volkswagen\nModel: Civic\nYear: 2003\nMileage: 140000 km\nWeight: 2306 kg\nFuel Type: Diesel\nTransmission: Automatic\nColor: Gray\nEngine Size: 3.5L','smanning',136,300,300,0),(81,'Honda','Golf',2009,25353.3,'Car Specifications:\nBrand: Honda\nModel: Golf\nYear: 2009\nMileage: 65000 km\nWeight: 1431 kg\nFuel Type: Hybrid\nTransmission: Automatic\nColor: Gray\nEngine Size: 2.0L','aford',161,225,344,0),(82,'Toyota','Mustang',2002,26581.6,'Car Specifications:\nBrand: Toyota\nModel: Mustang\nYear: 2002\nMileage: 180000 km\nWeight: 1761 kg\nFuel Type: Petrol\nTransmission: Automatic\nColor: Blue\nEngine Size: 1.5L','walkerjonathan',135,287,227,0),(83,'Honda','Impala',2009,23183,'Car Specifications:\nBrand: Honda\nModel: Impala\nYear: 2009\nMileage: 15000 km\nWeight: 1639 kg\nFuel Type: Hybrid\nTransmission: Manual\nColor: Green\nEngine Size: 1.0L','travisharris',124,301,79,0),(84,'BMW','Camry',2003,10108.9,'Car Specifications:\nBrand: BMW\nModel: Camry\nYear: 2003\nMileage: 235000 km\nWeight: 2125 kg\nFuel Type: Electric\nTransmission: Automatic\nColor: Gray\nEngine Size: 1.5L','porterwilliam',104,229,427,0),(85,'Mercedes','Golf',2012,27093.6,'Car Specifications:\nBrand: Mercedes\nModel: Golf\nYear: 2012\nMileage: 165000 km\nWeight: 1392 kg\nFuel Type: Electric\nTransmission: Manual\nColor: Black\nEngine Size: 1.0L','tyler86',107,261,179,0),(86,'Chevrolet','Sonata',2001,24469.9,'Car Specifications:\nBrand: Chevrolet\nModel: Sonata\nYear: 2001\nMileage: 85000 km\nWeight: 1024 kg\nFuel Type: Hybrid\nTransmission: Automatic\nColor: Gray\nEngine Size: 1.0L','cruzmarcus',177,216,231,0),(87,'Toyota','Altima',2015,17467,'Car Specifications:\nBrand: Toyota\nModel: Altima\nYear: 2015\nMileage: 190000 km\nWeight: 2433 kg\nFuel Type: Electric\nTransmission: Manual\nColor: Silver\nEngine Size: 1.0L','alexanderveronica',130,256,47,0),(88,'BMW','Camry',2011,8342.91,'Car Specifications:\nBrand: BMW\nModel: Camry\nYear: 2011\nMileage: 210000 km\nWeight: 1571 kg\nFuel Type: Electric\nTransmission: Manual\nColor: Gray\nEngine Size: 1.5L','zgonzalez',187,263,438,0),(89,'Honda','Sonata',2016,22025,'Car Specifications:\nBrand: Honda\nModel: Sonata\nYear: 2016\nMileage: 220000 km\nWeight: 1540 kg\nFuel Type: Diesel\nTransmission: Manual\nColor: Orange\nEngine Size: 1.5L','timothy75',168,262,473,0),(90,'BMW','Impala',2021,25582.9,'Car Specifications:\nBrand: BMW\nModel: Impala\nYear: 2021\nMileage: 190000 km\nWeight: 2325 kg\nFuel Type: Diesel\nTransmission: Automatic\nColor: Blue\nEngine Size: 1.0L','laneterri',105,291,255,0),(91,'Volkswagen','A4',2005,7646.29,'Car Specifications:\nBrand: Volkswagen\nModel: A4\nYear: 2005\nMileage: 10000 km\nWeight: 1276 kg\nFuel Type: Electric\nTransmission: Automatic\nColor: Blue\nEngine Size: 3.5L','alexanderveronica',130,242,395,0),(92,'Chevrolet','A-Class',2019,5992.61,'Car Specifications:\nBrand: Chevrolet\nModel: A-Class\nYear: 2019\nMileage: 10000 km\nWeight: 2464 kg\nFuel Type: Diesel\nTransmission: Automatic\nColor: Gray\nEngine Size: 1.5L','wmonroe',118,282,407,0),(93,'Nissan','X5',2013,9511.25,'Car Specifications:\nBrand: Nissan\nModel: X5\nYear: 2013\nMileage: 135000 km\nWeight: 2375 kg\nFuel Type: Hybrid\nTransmission: Automatic\nColor: Black\nEngine Size: 4.0L','brownchristine',148,268,65,0),(94,'Audi','Civic',2024,7684.73,'Car Specifications:\nBrand: Audi\nModel: Civic\nYear: 2024\nMileage: 200000 km\nWeight: 1181 kg\nFuel Type: Petrol\nTransmission: Automatic\nColor: Black\nEngine Size: 2.5L','wilcoxaustin',176,287,92,0),(95,'Toyota','Altima',2000,27773.5,'Car Specifications:\nBrand: Toyota\nModel: Altima\nYear: 2000\nMileage: 235000 km\nWeight: 1156 kg\nFuel Type: Petrol\nTransmission: Automatic\nColor: Black\nEngine Size: 1.0L','amber69',127,255,314,0),(96,'Honda','Camry',2021,20245.7,'Car Specifications:\nBrand: Honda\nModel: Camry\nYear: 2021\nMileage: 100000 km\nWeight: 1725 kg\nFuel Type: Hybrid\nTransmission: Automatic\nColor: Red\nEngine Size: 3.5L','kingpatricia',182,215,362,0),(97,'Nissan','Golf',2017,11246.8,'Car Specifications:\nBrand: Nissan\nModel: Golf\nYear: 2017\nMileage: 140000 km\nWeight: 1000 kg\nFuel Type: Diesel\nTransmission: Automatic\nColor: Green\nEngine Size: 3.5L','mary22',143,247,415,0),(98,'Volkswagen','Camry',2020,25546.1,'Car Specifications:\nBrand: Volkswagen\nModel: Camry\nYear: 2020\nMileage: 185000 km\nWeight: 1816 kg\nFuel Type: Hybrid\nTransmission: Manual\nColor: Yellow\nEngine Size: 4.0L','rodriguezkatelyn',193,230,114,0),(99,'Chevrolet','X5',2012,16420.4,'Car Specifications:\nBrand: Chevrolet\nModel: X5\nYear: 2012\nMileage: 95000 km\nWeight: 2482 kg\nFuel Type: Hybrid\nTransmission: Automatic\nColor: Silver\nEngine Size: 4.0L','frank24',162,203,139,0),(100,'Mercedes','A4',2002,13412.2,'Car Specifications:\nBrand: Mercedes\nModel: A4\nYear: 2002\nMileage: 130000 km\nWeight: 1407 kg\nFuel Type: Petrol\nTransmission: Automatic\nColor: Black\nEngine Size: 2.0L','timothy75',168,261,446,0);
/*!40000 ALTER TABLE `used_car_listing` ENABLE KEYS */;
UNLOCK TABLES;

--
-- Table structure for table `user_account`
--

DROP TABLE IF EXISTS `user_account`;
/*!40101 SET @saved_cs_client     = @@character_set_client */;
/*!50503 SET character_set_client = utf8mb4 */;
CREATE TABLE `user_account` (
  `id` int NOT NULL AUTO_INCREMENT,
  `username` varchar(50) NOT NULL,
  `password` varchar(255) NOT NULL,
  `role_id` int NOT NULL,
  `role_name` varchar(50) NOT NULL,
  `email` varchar(100) NOT NULL,
  `phone_number` varchar(50) NOT NULL,
  `is_suspended` tinyint(1) DEFAULT NULL,
  PRIMARY KEY (`id`),
  UNIQUE KEY `username` (`username`),
  UNIQUE KEY `email` (`email`),
  KEY `role_id` (`role_id`),
  CONSTRAINT `user_account_ibfk_1` FOREIGN KEY (`role_id`) REFERENCES `user_profile` (`id`)
) ENGINE=InnoDB AUTO_INCREMENT=302 DEFAULT CHARSET=utf8mb4 COLLATE=utf8mb4_0900_ai_ci;
/*!40101 SET character_set_client = @saved_cs_client */;

--
-- Dumping data for table `user_account`
--

LOCK TABLES `user_account` WRITE;
/*!40000 ALTER TABLE `user_account` DISABLE KEYS */;
INSERT INTO `user_account` VALUES (1,'admin_user','scrypt:32768:8:1$Nz1Kycy6zfsXUgRL$a4d9dfd4f8f5a9afd9dadd917ff62316ce9ce099de61d90362c2bd404ba937b8670f0c8bec6a35b92f3caf983de61fa3e47bd24beb78505b6a8d48859c9c4b5b',1,'admin','admin@example.com','7562499506',0),(2,'kristinpeterson','scrypt:32768:8:1$Nz1Kycy6zfsXUgRL$a4d9dfd4f8f5a9afd9dadd917ff62316ce9ce099de61d90362c2bd404ba937b8670f0c8bec6a35b92f3caf983de61fa3e47bd24beb78505b6a8d48859c9c4b5b',2,'buyer','jessicasmith@example.org','5922199381',0),(3,'dfrost','scrypt:32768:8:1$Nz1Kycy6zfsXUgRL$a4d9dfd4f8f5a9afd9dadd917ff62316ce9ce099de61d90362c2bd404ba937b8670f0c8bec6a35b92f3caf983de61fa3e47bd24beb78505b6a8d48859c9c4b5b',2,'buyer','richardmcclure@example.net','3680417911',1),(4,'sharon00','scrypt:32768:8:1$Nz1Kycy6zfsXUgRL$a4d9dfd4f8f5a9afd9dadd917ff62316ce9ce099de61d90362c2bd404ba937b8670f0c8bec6a35b92f3caf983de61fa3e47bd24beb78505b6a8d48859c9c4b5b',2,'buyer','donaldprince@example.com','5689750735',0),(5,'ryan22','scrypt:32768:8:1$Nz1Kycy6zfsXUgRL$a4d9dfd4f8f5a9afd9dadd917ff62316ce9ce099de61d90362c2bd404ba937b8670f0c8bec6a35b92f3caf983de61fa3e47bd24beb78505b6a8d48859c9c4b5b',2,'buyer','lambkyle@example.com','7284946514',1),(6,'nsullivan','scrypt:32768:8:1$Nz1Kycy6zfsXUgRL$a4d9dfd4f8f5a9afd9dadd917ff62316ce9ce099de61d90362c2bd404ba937b8670f0c8bec6a35b92f3caf983de61fa3e47bd24beb78505b6a8d48859c9c4b5b',2,'buyer','iharrell@example.com','1680944188',1),(7,'dgomez','scrypt:32768:8:1$Nz1Kycy6zfsXUgRL$a4d9dfd4f8f5a9afd9dadd917ff62316ce9ce099de61d90362c2bd404ba937b8670f0c8bec6a35b92f3caf983de61fa3e47bd24beb78505b6a8d48859c9c4b5b',2,'buyer','brandonjones@example.net','2290031167',0),(8,'dperez','scrypt:32768:8:1$Nz1Kycy6zfsXUgRL$a4d9dfd4f8f5a9afd9dadd917ff62316ce9ce099de61d90362c2bd404ba937b8670f0c8bec6a35b92f3caf983de61fa3e47bd24beb78505b6a8d48859c9c4b5b',2,'buyer','coxstacy@example.org','6601760890',1),(9,'porternicholas','scrypt:32768:8:1$Nz1Kycy6zfsXUgRL$a4d9dfd4f8f5a9afd9dadd917ff62316ce9ce099de61d90362c2bd404ba937b8670f0c8bec6a35b92f3caf983de61fa3e47bd24beb78505b6a8d48859c9c4b5b',2,'buyer','mirandasmith@example.com','1431775155',1),(10,'jennareeves','scrypt:32768:8:1$Nz1Kycy6zfsXUgRL$a4d9dfd4f8f5a9afd9dadd917ff62316ce9ce099de61d90362c2bd404ba937b8670f0c8bec6a35b92f3caf983de61fa3e47bd24beb78505b6a8d48859c9c4b5b',2,'buyer','mark66@example.org','8372806777',1),(11,'hartjason','scrypt:32768:8:1$Nz1Kycy6zfsXUgRL$a4d9dfd4f8f5a9afd9dadd917ff62316ce9ce099de61d90362c2bd404ba937b8670f0c8bec6a35b92f3caf983de61fa3e47bd24beb78505b6a8d48859c9c4b5b',2,'buyer','roselisa@example.net','3885250277',0),(12,'charleslopez','scrypt:32768:8:1$Nz1Kycy6zfsXUgRL$a4d9dfd4f8f5a9afd9dadd917ff62316ce9ce099de61d90362c2bd404ba937b8670f0c8bec6a35b92f3caf983de61fa3e47bd24beb78505b6a8d48859c9c4b5b',2,'buyer','johnny91@example.net','9783585930',1),(13,'nicholas17','scrypt:32768:8:1$Nz1Kycy6zfsXUgRL$a4d9dfd4f8f5a9afd9dadd917ff62316ce9ce099de61d90362c2bd404ba937b8670f0c8bec6a35b92f3caf983de61fa3e47bd24beb78505b6a8d48859c9c4b5b',2,'buyer','molly30@example.com','5447139953',1),(14,'normanlang','scrypt:32768:8:1$Nz1Kycy6zfsXUgRL$a4d9dfd4f8f5a9afd9dadd917ff62316ce9ce099de61d90362c2bd404ba937b8670f0c8bec6a35b92f3caf983de61fa3e47bd24beb78505b6a8d48859c9c4b5b',2,'buyer','ffrederick@example.org','7503876790',0),(15,'jared13','scrypt:32768:8:1$Nz1Kycy6zfsXUgRL$a4d9dfd4f8f5a9afd9dadd917ff62316ce9ce099de61d90362c2bd404ba937b8670f0c8bec6a35b92f3caf983de61fa3e47bd24beb78505b6a8d48859c9c4b5b',2,'buyer','garciazachary@example.com','4963690540',1),(16,'pdickson','scrypt:32768:8:1$Nz1Kycy6zfsXUgRL$a4d9dfd4f8f5a9afd9dadd917ff62316ce9ce099de61d90362c2bd404ba937b8670f0c8bec6a35b92f3caf983de61fa3e47bd24beb78505b6a8d48859c9c4b5b',2,'buyer','wford@example.com','1843793608',0),(17,'michellehernandez','scrypt:32768:8:1$Nz1Kycy6zfsXUgRL$a4d9dfd4f8f5a9afd9dadd917ff62316ce9ce099de61d90362c2bd404ba937b8670f0c8bec6a35b92f3caf983de61fa3e47bd24beb78505b6a8d48859c9c4b5b',2,'buyer','nguyenangela@example.org','4401713859',1),(18,'uholland','scrypt:32768:8:1$Nz1Kycy6zfsXUgRL$a4d9dfd4f8f5a9afd9dadd917ff62316ce9ce099de61d90362c2bd404ba937b8670f0c8bec6a35b92f3caf983de61fa3e47bd24beb78505b6a8d48859c9c4b5b',2,'buyer','stephaniethompson@example.net','2101042909',0),(19,'calvin84','scrypt:32768:8:1$Nz1Kycy6zfsXUgRL$a4d9dfd4f8f5a9afd9dadd917ff62316ce9ce099de61d90362c2bd404ba937b8670f0c8bec6a35b92f3caf983de61fa3e47bd24beb78505b6a8d48859c9c4b5b',2,'buyer','mcox@example.com','8042992448',1),(20,'lisa70','scrypt:32768:8:1$Nz1Kycy6zfsXUgRL$a4d9dfd4f8f5a9afd9dadd917ff62316ce9ce099de61d90362c2bd404ba937b8670f0c8bec6a35b92f3caf983de61fa3e47bd24beb78505b6a8d48859c9c4b5b',2,'buyer','robertmitchell@example.net','3469263124',0),(21,'martinezdesiree','scrypt:32768:8:1$Nz1Kycy6zfsXUgRL$a4d9dfd4f8f5a9afd9dadd917ff62316ce9ce099de61d90362c2bd404ba937b8670f0c8bec6a35b92f3caf983de61fa3e47bd24beb78505b6a8d48859c9c4b5b',2,'buyer','hillmichael@example.org','8455253523',0),(22,'thernandez','scrypt:32768:8:1$Nz1Kycy6zfsXUgRL$a4d9dfd4f8f5a9afd9dadd917ff62316ce9ce099de61d90362c2bd404ba937b8670f0c8bec6a35b92f3caf983de61fa3e47bd24beb78505b6a8d48859c9c4b5b',2,'buyer','brendavaldez@example.net','8707587480',0),(23,'fsnyder','scrypt:32768:8:1$Nz1Kycy6zfsXUgRL$a4d9dfd4f8f5a9afd9dadd917ff62316ce9ce099de61d90362c2bd404ba937b8670f0c8bec6a35b92f3caf983de61fa3e47bd24beb78505b6a8d48859c9c4b5b',2,'buyer','wspencer@example.net','1906099477',1),(24,'iharris','scrypt:32768:8:1$Nz1Kycy6zfsXUgRL$a4d9dfd4f8f5a9afd9dadd917ff62316ce9ce099de61d90362c2bd404ba937b8670f0c8bec6a35b92f3caf983de61fa3e47bd24beb78505b6a8d48859c9c4b5b',2,'buyer','jessica25@example.org','7753327322',1),(25,'ftaylor','scrypt:32768:8:1$Nz1Kycy6zfsXUgRL$a4d9dfd4f8f5a9afd9dadd917ff62316ce9ce099de61d90362c2bd404ba937b8670f0c8bec6a35b92f3caf983de61fa3e47bd24beb78505b6a8d48859c9c4b5b',2,'buyer','bowmanricardo@example.net','4705238836',0),(26,'qcruz','scrypt:32768:8:1$Nz1Kycy6zfsXUgRL$a4d9dfd4f8f5a9afd9dadd917ff62316ce9ce099de61d90362c2bd404ba937b8670f0c8bec6a35b92f3caf983de61fa3e47bd24beb78505b6a8d48859c9c4b5b',2,'buyer','sprince@example.net','1168237546',1),(27,'christopherwhitney','scrypt:32768:8:1$Nz1Kycy6zfsXUgRL$a4d9dfd4f8f5a9afd9dadd917ff62316ce9ce099de61d90362c2bd404ba937b8670f0c8bec6a35b92f3caf983de61fa3e47bd24beb78505b6a8d48859c9c4b5b',2,'buyer','robinsonjacqueline@example.net','2231025416',0),(28,'christy81','scrypt:32768:8:1$Nz1Kycy6zfsXUgRL$a4d9dfd4f8f5a9afd9dadd917ff62316ce9ce099de61d90362c2bd404ba937b8670f0c8bec6a35b92f3caf983de61fa3e47bd24beb78505b6a8d48859c9c4b5b',2,'buyer','justinalexander@example.com','1586252534',1),(29,'leviwilson','scrypt:32768:8:1$Nz1Kycy6zfsXUgRL$a4d9dfd4f8f5a9afd9dadd917ff62316ce9ce099de61d90362c2bd404ba937b8670f0c8bec6a35b92f3caf983de61fa3e47bd24beb78505b6a8d48859c9c4b5b',2,'buyer','keithsydney@example.net','6528395271',0),(30,'millerhunter','scrypt:32768:8:1$Nz1Kycy6zfsXUgRL$a4d9dfd4f8f5a9afd9dadd917ff62316ce9ce099de61d90362c2bd404ba937b8670f0c8bec6a35b92f3caf983de61fa3e47bd24beb78505b6a8d48859c9c4b5b',2,'buyer','griffithaustin@example.net','8349452510',1),(31,'janicehall','scrypt:32768:8:1$Nz1Kycy6zfsXUgRL$a4d9dfd4f8f5a9afd9dadd917ff62316ce9ce099de61d90362c2bd404ba937b8670f0c8bec6a35b92f3caf983de61fa3e47bd24beb78505b6a8d48859c9c4b5b',2,'buyer','laura18@example.com','8338346602',1),(32,'zhughes','scrypt:32768:8:1$Nz1Kycy6zfsXUgRL$a4d9dfd4f8f5a9afd9dadd917ff62316ce9ce099de61d90362c2bd404ba937b8670f0c8bec6a35b92f3caf983de61fa3e47bd24beb78505b6a8d48859c9c4b5b',2,'buyer','phillipskevin@example.com','6024282096',1),(33,'brookscharles','scrypt:32768:8:1$Nz1Kycy6zfsXUgRL$a4d9dfd4f8f5a9afd9dadd917ff62316ce9ce099de61d90362c2bd404ba937b8670f0c8bec6a35b92f3caf983de61fa3e47bd24beb78505b6a8d48859c9c4b5b',2,'buyer','trogers@example.org','2906780934',1),(34,'lozanojonathan','scrypt:32768:8:1$Nz1Kycy6zfsXUgRL$a4d9dfd4f8f5a9afd9dadd917ff62316ce9ce099de61d90362c2bd404ba937b8670f0c8bec6a35b92f3caf983de61fa3e47bd24beb78505b6a8d48859c9c4b5b',2,'buyer','christopher03@example.org','9052646722',1),(35,'woodjoshua','scrypt:32768:8:1$Nz1Kycy6zfsXUgRL$a4d9dfd4f8f5a9afd9dadd917ff62316ce9ce099de61d90362c2bd404ba937b8670f0c8bec6a35b92f3caf983de61fa3e47bd24beb78505b6a8d48859c9c4b5b',2,'buyer','xlopez@example.net','3372829899',1),(36,'lisa75','scrypt:32768:8:1$Nz1Kycy6zfsXUgRL$a4d9dfd4f8f5a9afd9dadd917ff62316ce9ce099de61d90362c2bd404ba937b8670f0c8bec6a35b92f3caf983de61fa3e47bd24beb78505b6a8d48859c9c4b5b',2,'buyer','delgadojoyce@example.org','6590489050',0),(37,'xsteele','scrypt:32768:8:1$Nz1Kycy6zfsXUgRL$a4d9dfd4f8f5a9afd9dadd917ff62316ce9ce099de61d90362c2bd404ba937b8670f0c8bec6a35b92f3caf983de61fa3e47bd24beb78505b6a8d48859c9c4b5b',2,'buyer','daniel39@example.net','4873882837',0),(38,'teresa25','scrypt:32768:8:1$Nz1Kycy6zfsXUgRL$a4d9dfd4f8f5a9afd9dadd917ff62316ce9ce099de61d90362c2bd404ba937b8670f0c8bec6a35b92f3caf983de61fa3e47bd24beb78505b6a8d48859c9c4b5b',2,'buyer','hgonzalez@example.com','7436591228',0),(39,'xjohnson','scrypt:32768:8:1$Nz1Kycy6zfsXUgRL$a4d9dfd4f8f5a9afd9dadd917ff62316ce9ce099de61d90362c2bd404ba937b8670f0c8bec6a35b92f3caf983de61fa3e47bd24beb78505b6a8d48859c9c4b5b',2,'buyer','allencory@example.org','8538494982',1),(40,'jose03','scrypt:32768:8:1$Nz1Kycy6zfsXUgRL$a4d9dfd4f8f5a9afd9dadd917ff62316ce9ce099de61d90362c2bd404ba937b8670f0c8bec6a35b92f3caf983de61fa3e47bd24beb78505b6a8d48859c9c4b5b',2,'buyer','brianshaw@example.com','6873841374',0),(41,'opittman','scrypt:32768:8:1$Nz1Kycy6zfsXUgRL$a4d9dfd4f8f5a9afd9dadd917ff62316ce9ce099de61d90362c2bd404ba937b8670f0c8bec6a35b92f3caf983de61fa3e47bd24beb78505b6a8d48859c9c4b5b',2,'buyer','jay47@example.net','6019872581',0),(42,'ortegamichael','scrypt:32768:8:1$Nz1Kycy6zfsXUgRL$a4d9dfd4f8f5a9afd9dadd917ff62316ce9ce099de61d90362c2bd404ba937b8670f0c8bec6a35b92f3caf983de61fa3e47bd24beb78505b6a8d48859c9c4b5b',2,'buyer','kayleehill@example.com','5259479042',0),(43,'collinskimberly','scrypt:32768:8:1$Nz1Kycy6zfsXUgRL$a4d9dfd4f8f5a9afd9dadd917ff62316ce9ce099de61d90362c2bd404ba937b8670f0c8bec6a35b92f3caf983de61fa3e47bd24beb78505b6a8d48859c9c4b5b',2,'buyer','kristen52@example.org','4160866684',1),(44,'daniellewilliams','scrypt:32768:8:1$Nz1Kycy6zfsXUgRL$a4d9dfd4f8f5a9afd9dadd917ff62316ce9ce099de61d90362c2bd404ba937b8670f0c8bec6a35b92f3caf983de61fa3e47bd24beb78505b6a8d48859c9c4b5b',2,'buyer','matthewsimmons@example.com','2630798681',0),(45,'marypope','scrypt:32768:8:1$Nz1Kycy6zfsXUgRL$a4d9dfd4f8f5a9afd9dadd917ff62316ce9ce099de61d90362c2bd404ba937b8670f0c8bec6a35b92f3caf983de61fa3e47bd24beb78505b6a8d48859c9c4b5b',2,'buyer','alexandra76@example.net','7468312972',0),(46,'josephbrandon','scrypt:32768:8:1$Nz1Kycy6zfsXUgRL$a4d9dfd4f8f5a9afd9dadd917ff62316ce9ce099de61d90362c2bd404ba937b8670f0c8bec6a35b92f3caf983de61fa3e47bd24beb78505b6a8d48859c9c4b5b',2,'buyer','cynthiahall@example.net','3535685747',0),(47,'jklein','scrypt:32768:8:1$Nz1Kycy6zfsXUgRL$a4d9dfd4f8f5a9afd9dadd917ff62316ce9ce099de61d90362c2bd404ba937b8670f0c8bec6a35b92f3caf983de61fa3e47bd24beb78505b6a8d48859c9c4b5b',2,'buyer','tdixon@example.net','7148193977',1),(48,'anitaweiss','scrypt:32768:8:1$Nz1Kycy6zfsXUgRL$a4d9dfd4f8f5a9afd9dadd917ff62316ce9ce099de61d90362c2bd404ba937b8670f0c8bec6a35b92f3caf983de61fa3e47bd24beb78505b6a8d48859c9c4b5b',2,'buyer','teresa39@example.org','4937784211',0),(49,'pgarcia','scrypt:32768:8:1$Nz1Kycy6zfsXUgRL$a4d9dfd4f8f5a9afd9dadd917ff62316ce9ce099de61d90362c2bd404ba937b8670f0c8bec6a35b92f3caf983de61fa3e47bd24beb78505b6a8d48859c9c4b5b',2,'buyer','slynch@example.net','8098915762',0),(50,'maynardsusan','scrypt:32768:8:1$Nz1Kycy6zfsXUgRL$a4d9dfd4f8f5a9afd9dadd917ff62316ce9ce099de61d90362c2bd404ba937b8670f0c8bec6a35b92f3caf983de61fa3e47bd24beb78505b6a8d48859c9c4b5b',2,'buyer','troyharris@example.net','8632054972',0),(51,'tflores','scrypt:32768:8:1$Nz1Kycy6zfsXUgRL$a4d9dfd4f8f5a9afd9dadd917ff62316ce9ce099de61d90362c2bd404ba937b8670f0c8bec6a35b92f3caf983de61fa3e47bd24beb78505b6a8d48859c9c4b5b',2,'buyer','henry09@example.net','3526931657',0),(52,'awarren','scrypt:32768:8:1$Nz1Kycy6zfsXUgRL$a4d9dfd4f8f5a9afd9dadd917ff62316ce9ce099de61d90362c2bd404ba937b8670f0c8bec6a35b92f3caf983de61fa3e47bd24beb78505b6a8d48859c9c4b5b',2,'buyer','lhopkins@example.org','3992577434',0),(53,'vholmes','scrypt:32768:8:1$Nz1Kycy6zfsXUgRL$a4d9dfd4f8f5a9afd9dadd917ff62316ce9ce099de61d90362c2bd404ba937b8670f0c8bec6a35b92f3caf983de61fa3e47bd24beb78505b6a8d48859c9c4b5b',2,'buyer','stricklandmatthew@example.com','1668930838',0),(54,'jonesbrandon','scrypt:32768:8:1$Nz1Kycy6zfsXUgRL$a4d9dfd4f8f5a9afd9dadd917ff62316ce9ce099de61d90362c2bd404ba937b8670f0c8bec6a35b92f3caf983de61fa3e47bd24beb78505b6a8d48859c9c4b5b',2,'buyer','espinozachristina@example.org','9111235749',0),(55,'donna45','scrypt:32768:8:1$Nz1Kycy6zfsXUgRL$a4d9dfd4f8f5a9afd9dadd917ff62316ce9ce099de61d90362c2bd404ba937b8670f0c8bec6a35b92f3caf983de61fa3e47bd24beb78505b6a8d48859c9c4b5b',2,'buyer','matthew09@example.org','2928397341',0),(56,'penny05','scrypt:32768:8:1$Nz1Kycy6zfsXUgRL$a4d9dfd4f8f5a9afd9dadd917ff62316ce9ce099de61d90362c2bd404ba937b8670f0c8bec6a35b92f3caf983de61fa3e47bd24beb78505b6a8d48859c9c4b5b',2,'buyer','denise38@example.com','2876744151',0),(57,'santanarichard','scrypt:32768:8:1$Nz1Kycy6zfsXUgRL$a4d9dfd4f8f5a9afd9dadd917ff62316ce9ce099de61d90362c2bd404ba937b8670f0c8bec6a35b92f3caf983de61fa3e47bd24beb78505b6a8d48859c9c4b5b',2,'buyer','karen06@example.org','7684527864',1),(58,'tcordova','scrypt:32768:8:1$Nz1Kycy6zfsXUgRL$a4d9dfd4f8f5a9afd9dadd917ff62316ce9ce099de61d90362c2bd404ba937b8670f0c8bec6a35b92f3caf983de61fa3e47bd24beb78505b6a8d48859c9c4b5b',2,'buyer','emiller@example.com','4379985263',1),(59,'westadam','scrypt:32768:8:1$Nz1Kycy6zfsXUgRL$a4d9dfd4f8f5a9afd9dadd917ff62316ce9ce099de61d90362c2bd404ba937b8670f0c8bec6a35b92f3caf983de61fa3e47bd24beb78505b6a8d48859c9c4b5b',2,'buyer','ronald09@example.org','2888968411',1),(60,'mosleyjill','scrypt:32768:8:1$Nz1Kycy6zfsXUgRL$a4d9dfd4f8f5a9afd9dadd917ff62316ce9ce099de61d90362c2bd404ba937b8670f0c8bec6a35b92f3caf983de61fa3e47bd24beb78505b6a8d48859c9c4b5b',2,'buyer','jfischer@example.org','8084885865',1),(61,'brownchristian','scrypt:32768:8:1$Nz1Kycy6zfsXUgRL$a4d9dfd4f8f5a9afd9dadd917ff62316ce9ce099de61d90362c2bd404ba937b8670f0c8bec6a35b92f3caf983de61fa3e47bd24beb78505b6a8d48859c9c4b5b',2,'buyer','awarren@example.com','9501435755',0),(62,'xlewis','scrypt:32768:8:1$Nz1Kycy6zfsXUgRL$a4d9dfd4f8f5a9afd9dadd917ff62316ce9ce099de61d90362c2bd404ba937b8670f0c8bec6a35b92f3caf983de61fa3e47bd24beb78505b6a8d48859c9c4b5b',2,'buyer','karen59@example.org','2817140569',1),(63,'dthomas','scrypt:32768:8:1$Nz1Kycy6zfsXUgRL$a4d9dfd4f8f5a9afd9dadd917ff62316ce9ce099de61d90362c2bd404ba937b8670f0c8bec6a35b92f3caf983de61fa3e47bd24beb78505b6a8d48859c9c4b5b',2,'buyer','brandonmclaughlin@example.com','8049833719',0),(64,'tholland','scrypt:32768:8:1$Nz1Kycy6zfsXUgRL$a4d9dfd4f8f5a9afd9dadd917ff62316ce9ce099de61d90362c2bd404ba937b8670f0c8bec6a35b92f3caf983de61fa3e47bd24beb78505b6a8d48859c9c4b5b',2,'buyer','rebeccathomas@example.org','5383989250',1),(65,'gerald59','scrypt:32768:8:1$Nz1Kycy6zfsXUgRL$a4d9dfd4f8f5a9afd9dadd917ff62316ce9ce099de61d90362c2bd404ba937b8670f0c8bec6a35b92f3caf983de61fa3e47bd24beb78505b6a8d48859c9c4b5b',2,'buyer','brandon65@example.net','5960590310',1),(66,'jamiestevens','scrypt:32768:8:1$Nz1Kycy6zfsXUgRL$a4d9dfd4f8f5a9afd9dadd917ff62316ce9ce099de61d90362c2bd404ba937b8670f0c8bec6a35b92f3caf983de61fa3e47bd24beb78505b6a8d48859c9c4b5b',2,'buyer','padillacharles@example.org','5672803889',0),(67,'jsmith','scrypt:32768:8:1$Nz1Kycy6zfsXUgRL$a4d9dfd4f8f5a9afd9dadd917ff62316ce9ce099de61d90362c2bd404ba937b8670f0c8bec6a35b92f3caf983de61fa3e47bd24beb78505b6a8d48859c9c4b5b',2,'buyer','ywhite@example.org','5655675504',0),(68,'barbara55','scrypt:32768:8:1$Nz1Kycy6zfsXUgRL$a4d9dfd4f8f5a9afd9dadd917ff62316ce9ce099de61d90362c2bd404ba937b8670f0c8bec6a35b92f3caf983de61fa3e47bd24beb78505b6a8d48859c9c4b5b',2,'buyer','sandra01@example.net','4365828946',1),(69,'fitzgeraldlisa','scrypt:32768:8:1$Nz1Kycy6zfsXUgRL$a4d9dfd4f8f5a9afd9dadd917ff62316ce9ce099de61d90362c2bd404ba937b8670f0c8bec6a35b92f3caf983de61fa3e47bd24beb78505b6a8d48859c9c4b5b',2,'buyer','thomasle@example.net','5999832721',0),(70,'bcardenas','scrypt:32768:8:1$Nz1Kycy6zfsXUgRL$a4d9dfd4f8f5a9afd9dadd917ff62316ce9ce099de61d90362c2bd404ba937b8670f0c8bec6a35b92f3caf983de61fa3e47bd24beb78505b6a8d48859c9c4b5b',2,'buyer','veronicamurray@example.net','2655088558',1),(71,'michael06','scrypt:32768:8:1$Nz1Kycy6zfsXUgRL$a4d9dfd4f8f5a9afd9dadd917ff62316ce9ce099de61d90362c2bd404ba937b8670f0c8bec6a35b92f3caf983de61fa3e47bd24beb78505b6a8d48859c9c4b5b',2,'buyer','ipope@example.com','2126393167',1),(72,'austinhoward','scrypt:32768:8:1$Nz1Kycy6zfsXUgRL$a4d9dfd4f8f5a9afd9dadd917ff62316ce9ce099de61d90362c2bd404ba937b8670f0c8bec6a35b92f3caf983de61fa3e47bd24beb78505b6a8d48859c9c4b5b',2,'buyer','fryejoshua@example.net','9819087971',1),(73,'bakerthomas','scrypt:32768:8:1$Nz1Kycy6zfsXUgRL$a4d9dfd4f8f5a9afd9dadd917ff62316ce9ce099de61d90362c2bd404ba937b8670f0c8bec6a35b92f3caf983de61fa3e47bd24beb78505b6a8d48859c9c4b5b',2,'buyer','gainesdaniel@example.net','3418573514',0),(74,'briangardner','scrypt:32768:8:1$Nz1Kycy6zfsXUgRL$a4d9dfd4f8f5a9afd9dadd917ff62316ce9ce099de61d90362c2bd404ba937b8670f0c8bec6a35b92f3caf983de61fa3e47bd24beb78505b6a8d48859c9c4b5b',2,'buyer','aburgess@example.org','5154255502',0),(75,'ulee','scrypt:32768:8:1$Nz1Kycy6zfsXUgRL$a4d9dfd4f8f5a9afd9dadd917ff62316ce9ce099de61d90362c2bd404ba937b8670f0c8bec6a35b92f3caf983de61fa3e47bd24beb78505b6a8d48859c9c4b5b',2,'buyer','meganlewis@example.org','4272909586',0),(76,'kimberlylee','scrypt:32768:8:1$Nz1Kycy6zfsXUgRL$a4d9dfd4f8f5a9afd9dadd917ff62316ce9ce099de61d90362c2bd404ba937b8670f0c8bec6a35b92f3caf983de61fa3e47bd24beb78505b6a8d48859c9c4b5b',2,'buyer','brownlisa@example.net','9689646293',1),(77,'ellisjoshua','scrypt:32768:8:1$Nz1Kycy6zfsXUgRL$a4d9dfd4f8f5a9afd9dadd917ff62316ce9ce099de61d90362c2bd404ba937b8670f0c8bec6a35b92f3caf983de61fa3e47bd24beb78505b6a8d48859c9c4b5b',2,'buyer','john31@example.net','6100557270',1),(78,'tbrowning','scrypt:32768:8:1$Nz1Kycy6zfsXUgRL$a4d9dfd4f8f5a9afd9dadd917ff62316ce9ce099de61d90362c2bd404ba937b8670f0c8bec6a35b92f3caf983de61fa3e47bd24beb78505b6a8d48859c9c4b5b',2,'buyer','paulhicks@example.com','5562347888',0),(79,'michaelbyrd','scrypt:32768:8:1$Nz1Kycy6zfsXUgRL$a4d9dfd4f8f5a9afd9dadd917ff62316ce9ce099de61d90362c2bd404ba937b8670f0c8bec6a35b92f3caf983de61fa3e47bd24beb78505b6a8d48859c9c4b5b',2,'buyer','stephanie00@example.net','2275078340',0),(80,'wreed','scrypt:32768:8:1$Nz1Kycy6zfsXUgRL$a4d9dfd4f8f5a9afd9dadd917ff62316ce9ce099de61d90362c2bd404ba937b8670f0c8bec6a35b92f3caf983de61fa3e47bd24beb78505b6a8d48859c9c4b5b',2,'buyer','chasepratt@example.com','6263298245',0),(81,'victoriamartinez','scrypt:32768:8:1$Nz1Kycy6zfsXUgRL$a4d9dfd4f8f5a9afd9dadd917ff62316ce9ce099de61d90362c2bd404ba937b8670f0c8bec6a35b92f3caf983de61fa3e47bd24beb78505b6a8d48859c9c4b5b',2,'buyer','josephphillips@example.net','5132871606',1),(82,'matthewlam','scrypt:32768:8:1$Nz1Kycy6zfsXUgRL$a4d9dfd4f8f5a9afd9dadd917ff62316ce9ce099de61d90362c2bd404ba937b8670f0c8bec6a35b92f3caf983de61fa3e47bd24beb78505b6a8d48859c9c4b5b',2,'buyer','uryan@example.com','3042042227',1),(83,'brownsusan','scrypt:32768:8:1$Nz1Kycy6zfsXUgRL$a4d9dfd4f8f5a9afd9dadd917ff62316ce9ce099de61d90362c2bd404ba937b8670f0c8bec6a35b92f3caf983de61fa3e47bd24beb78505b6a8d48859c9c4b5b',2,'buyer','umitchell@example.org','7893970532',1),(84,'davila','scrypt:32768:8:1$Nz1Kycy6zfsXUgRL$a4d9dfd4f8f5a9afd9dadd917ff62316ce9ce099de61d90362c2bd404ba937b8670f0c8bec6a35b92f3caf983de61fa3e47bd24beb78505b6a8d48859c9c4b5b',2,'buyer','cynthia18@example.net','1322075640',1),(85,'portercassandra','scrypt:32768:8:1$Nz1Kycy6zfsXUgRL$a4d9dfd4f8f5a9afd9dadd917ff62316ce9ce099de61d90362c2bd404ba937b8670f0c8bec6a35b92f3caf983de61fa3e47bd24beb78505b6a8d48859c9c4b5b',2,'buyer','montgomeryheather@example.com','4076122026',0),(86,'hcontreras','scrypt:32768:8:1$Nz1Kycy6zfsXUgRL$a4d9dfd4f8f5a9afd9dadd917ff62316ce9ce099de61d90362c2bd404ba937b8670f0c8bec6a35b92f3caf983de61fa3e47bd24beb78505b6a8d48859c9c4b5b',2,'buyer','angelajackson@example.org','2122785276',1),(87,'uoliver','scrypt:32768:8:1$Nz1Kycy6zfsXUgRL$a4d9dfd4f8f5a9afd9dadd917ff62316ce9ce099de61d90362c2bd404ba937b8670f0c8bec6a35b92f3caf983de61fa3e47bd24beb78505b6a8d48859c9c4b5b',2,'buyer','kgarrison@example.org','5576545788',1),(88,'denniswade','scrypt:32768:8:1$Nz1Kycy6zfsXUgRL$a4d9dfd4f8f5a9afd9dadd917ff62316ce9ce099de61d90362c2bd404ba937b8670f0c8bec6a35b92f3caf983de61fa3e47bd24beb78505b6a8d48859c9c4b5b',2,'buyer','walkeranthony@example.net','4624033690',1),(89,'thomasmichael','scrypt:32768:8:1$Nz1Kycy6zfsXUgRL$a4d9dfd4f8f5a9afd9dadd917ff62316ce9ce099de61d90362c2bd404ba937b8670f0c8bec6a35b92f3caf983de61fa3e47bd24beb78505b6a8d48859c9c4b5b',2,'buyer','hrollins@example.com','3116948056',0),(90,'jenniferhernandez','scrypt:32768:8:1$Nz1Kycy6zfsXUgRL$a4d9dfd4f8f5a9afd9dadd917ff62316ce9ce099de61d90362c2bd404ba937b8670f0c8bec6a35b92f3caf983de61fa3e47bd24beb78505b6a8d48859c9c4b5b',2,'buyer','johnbyrd@example.org','3384410244',0),(91,'marthabrown','scrypt:32768:8:1$Nz1Kycy6zfsXUgRL$a4d9dfd4f8f5a9afd9dadd917ff62316ce9ce099de61d90362c2bd404ba937b8670f0c8bec6a35b92f3caf983de61fa3e47bd24beb78505b6a8d48859c9c4b5b',2,'buyer','joseph55@example.com','8100342373',1),(92,'tiffany38','scrypt:32768:8:1$Nz1Kycy6zfsXUgRL$a4d9dfd4f8f5a9afd9dadd917ff62316ce9ce099de61d90362c2bd404ba937b8670f0c8bec6a35b92f3caf983de61fa3e47bd24beb78505b6a8d48859c9c4b5b',2,'buyer','adrian56@example.com','4184385469',1),(93,'christy99','scrypt:32768:8:1$Nz1Kycy6zfsXUgRL$a4d9dfd4f8f5a9afd9dadd917ff62316ce9ce099de61d90362c2bd404ba937b8670f0c8bec6a35b92f3caf983de61fa3e47bd24beb78505b6a8d48859c9c4b5b',2,'buyer','sandersmichael@example.net','9965659267',1),(94,'rmalone','scrypt:32768:8:1$Nz1Kycy6zfsXUgRL$a4d9dfd4f8f5a9afd9dadd917ff62316ce9ce099de61d90362c2bd404ba937b8670f0c8bec6a35b92f3caf983de61fa3e47bd24beb78505b6a8d48859c9c4b5b',2,'buyer','olucas@example.org','2603606991',0),(95,'ronaldramirez','scrypt:32768:8:1$Nz1Kycy6zfsXUgRL$a4d9dfd4f8f5a9afd9dadd917ff62316ce9ce099de61d90362c2bd404ba937b8670f0c8bec6a35b92f3caf983de61fa3e47bd24beb78505b6a8d48859c9c4b5b',2,'buyer','nicoleglenn@example.net','9779667007',1),(96,'tammy55','scrypt:32768:8:1$Nz1Kycy6zfsXUgRL$a4d9dfd4f8f5a9afd9dadd917ff62316ce9ce099de61d90362c2bd404ba937b8670f0c8bec6a35b92f3caf983de61fa3e47bd24beb78505b6a8d48859c9c4b5b',2,'buyer','bdavis@example.com','2937489746',0),(97,'webbcarolyn','scrypt:32768:8:1$Nz1Kycy6zfsXUgRL$a4d9dfd4f8f5a9afd9dadd917ff62316ce9ce099de61d90362c2bd404ba937b8670f0c8bec6a35b92f3caf983de61fa3e47bd24beb78505b6a8d48859c9c4b5b',2,'buyer','lgeorge@example.com','6232778835',1),(98,'murrayrobert','scrypt:32768:8:1$Nz1Kycy6zfsXUgRL$a4d9dfd4f8f5a9afd9dadd917ff62316ce9ce099de61d90362c2bd404ba937b8670f0c8bec6a35b92f3caf983de61fa3e47bd24beb78505b6a8d48859c9c4b5b',2,'buyer','bryan68@example.org','7169143611',1),(99,'christopherdougherty','scrypt:32768:8:1$Nz1Kycy6zfsXUgRL$a4d9dfd4f8f5a9afd9dadd917ff62316ce9ce099de61d90362c2bd404ba937b8670f0c8bec6a35b92f3caf983de61fa3e47bd24beb78505b6a8d48859c9c4b5b',2,'buyer','brentcollins@example.org','3393169340',1),(100,'gonzalezlori','scrypt:32768:8:1$Nz1Kycy6zfsXUgRL$a4d9dfd4f8f5a9afd9dadd917ff62316ce9ce099de61d90362c2bd404ba937b8670f0c8bec6a35b92f3caf983de61fa3e47bd24beb78505b6a8d48859c9c4b5b',2,'buyer','ksosa@example.com','8719454260',1),(101,'amy30','scrypt:32768:8:1$Nz1Kycy6zfsXUgRL$a4d9dfd4f8f5a9afd9dadd917ff62316ce9ce099de61d90362c2bd404ba937b8670f0c8bec6a35b92f3caf983de61fa3e47bd24beb78505b6a8d48859c9c4b5b',2,'buyer','yevans@example.net','8404973540',0),(102,'lisa59','scrypt:32768:8:1$Nz1Kycy6zfsXUgRL$a4d9dfd4f8f5a9afd9dadd917ff62316ce9ce099de61d90362c2bd404ba937b8670f0c8bec6a35b92f3caf983de61fa3e47bd24beb78505b6a8d48859c9c4b5b',3,'seller','haleymacdonald@example.org','3049298911',0),(103,'william35','scrypt:32768:8:1$Nz1Kycy6zfsXUgRL$a4d9dfd4f8f5a9afd9dadd917ff62316ce9ce099de61d90362c2bd404ba937b8670f0c8bec6a35b92f3caf983de61fa3e47bd24beb78505b6a8d48859c9c4b5b',3,'seller','danieltate@example.org','4421952166',0),(104,'porterwilliam','scrypt:32768:8:1$Nz1Kycy6zfsXUgRL$a4d9dfd4f8f5a9afd9dadd917ff62316ce9ce099de61d90362c2bd404ba937b8670f0c8bec6a35b92f3caf983de61fa3e47bd24beb78505b6a8d48859c9c4b5b',3,'seller','lucasrichard@example.com','6550151180',1),(105,'laneterri','scrypt:32768:8:1$Nz1Kycy6zfsXUgRL$a4d9dfd4f8f5a9afd9dadd917ff62316ce9ce099de61d90362c2bd404ba937b8670f0c8bec6a35b92f3caf983de61fa3e47bd24beb78505b6a8d48859c9c4b5b',3,'seller','skinnerchristopher@example.org','8308813890',0),(106,'benjamin50','scrypt:32768:8:1$Nz1Kycy6zfsXUgRL$a4d9dfd4f8f5a9afd9dadd917ff62316ce9ce099de61d90362c2bd404ba937b8670f0c8bec6a35b92f3caf983de61fa3e47bd24beb78505b6a8d48859c9c4b5b',3,'seller','erinhouse@example.net','9752799963',1),(107,'tyler86','scrypt:32768:8:1$Nz1Kycy6zfsXUgRL$a4d9dfd4f8f5a9afd9dadd917ff62316ce9ce099de61d90362c2bd404ba937b8670f0c8bec6a35b92f3caf983de61fa3e47bd24beb78505b6a8d48859c9c4b5b',3,'seller','mwashington@example.org','7390585130',1),(108,'novakjennifer','scrypt:32768:8:1$Nz1Kycy6zfsXUgRL$a4d9dfd4f8f5a9afd9dadd917ff62316ce9ce099de61d90362c2bd404ba937b8670f0c8bec6a35b92f3caf983de61fa3e47bd24beb78505b6a8d48859c9c4b5b',3,'seller','ireyes@example.net','5826855182',0),(109,'woodwilliam','scrypt:32768:8:1$Nz1Kycy6zfsXUgRL$a4d9dfd4f8f5a9afd9dadd917ff62316ce9ce099de61d90362c2bd404ba937b8670f0c8bec6a35b92f3caf983de61fa3e47bd24beb78505b6a8d48859c9c4b5b',3,'seller','morgangomez@example.com','2095246640',0),(110,'jason20','scrypt:32768:8:1$Nz1Kycy6zfsXUgRL$a4d9dfd4f8f5a9afd9dadd917ff62316ce9ce099de61d90362c2bd404ba937b8670f0c8bec6a35b92f3caf983de61fa3e47bd24beb78505b6a8d48859c9c4b5b',3,'seller','otaylor@example.net','4511699061',0),(111,'stuartchristopher','scrypt:32768:8:1$Nz1Kycy6zfsXUgRL$a4d9dfd4f8f5a9afd9dadd917ff62316ce9ce099de61d90362c2bd404ba937b8670f0c8bec6a35b92f3caf983de61fa3e47bd24beb78505b6a8d48859c9c4b5b',3,'seller','wongkent@example.com','7939866121',0),(112,'frankpena','scrypt:32768:8:1$Nz1Kycy6zfsXUgRL$a4d9dfd4f8f5a9afd9dadd917ff62316ce9ce099de61d90362c2bd404ba937b8670f0c8bec6a35b92f3caf983de61fa3e47bd24beb78505b6a8d48859c9c4b5b',3,'seller','reginald56@example.org','1552521534',0),(113,'michael16','scrypt:32768:8:1$Nz1Kycy6zfsXUgRL$a4d9dfd4f8f5a9afd9dadd917ff62316ce9ce099de61d90362c2bd404ba937b8670f0c8bec6a35b92f3caf983de61fa3e47bd24beb78505b6a8d48859c9c4b5b',3,'seller','calebfarmer@example.com','1203904752',1),(114,'christie13','scrypt:32768:8:1$Nz1Kycy6zfsXUgRL$a4d9dfd4f8f5a9afd9dadd917ff62316ce9ce099de61d90362c2bd404ba937b8670f0c8bec6a35b92f3caf983de61fa3e47bd24beb78505b6a8d48859c9c4b5b',3,'seller','mbauer@example.com','4128124387',1),(115,'kellymunoz','scrypt:32768:8:1$Nz1Kycy6zfsXUgRL$a4d9dfd4f8f5a9afd9dadd917ff62316ce9ce099de61d90362c2bd404ba937b8670f0c8bec6a35b92f3caf983de61fa3e47bd24beb78505b6a8d48859c9c4b5b',3,'seller','hbruce@example.com','2873357142',0),(116,'wrosario','scrypt:32768:8:1$Nz1Kycy6zfsXUgRL$a4d9dfd4f8f5a9afd9dadd917ff62316ce9ce099de61d90362c2bd404ba937b8670f0c8bec6a35b92f3caf983de61fa3e47bd24beb78505b6a8d48859c9c4b5b',3,'seller','adam57@example.com','6027428933',1),(117,'gomezchristopher','scrypt:32768:8:1$Nz1Kycy6zfsXUgRL$a4d9dfd4f8f5a9afd9dadd917ff62316ce9ce099de61d90362c2bd404ba937b8670f0c8bec6a35b92f3caf983de61fa3e47bd24beb78505b6a8d48859c9c4b5b',3,'seller','charles97@example.org','4892961011',0),(118,'wmonroe','scrypt:32768:8:1$Nz1Kycy6zfsXUgRL$a4d9dfd4f8f5a9afd9dadd917ff62316ce9ce099de61d90362c2bd404ba937b8670f0c8bec6a35b92f3caf983de61fa3e47bd24beb78505b6a8d48859c9c4b5b',3,'seller','grossmarc@example.org','5338770005',0),(119,'taylorjoshua','scrypt:32768:8:1$Nz1Kycy6zfsXUgRL$a4d9dfd4f8f5a9afd9dadd917ff62316ce9ce099de61d90362c2bd404ba937b8670f0c8bec6a35b92f3caf983de61fa3e47bd24beb78505b6a8d48859c9c4b5b',3,'seller','uhicks@example.net','6141849686',0),(120,'perezamanda','scrypt:32768:8:1$Nz1Kycy6zfsXUgRL$a4d9dfd4f8f5a9afd9dadd917ff62316ce9ce099de61d90362c2bd404ba937b8670f0c8bec6a35b92f3caf983de61fa3e47bd24beb78505b6a8d48859c9c4b5b',3,'seller','banksstacy@example.net','8436651186',1),(121,'warnerbrendan','scrypt:32768:8:1$Nz1Kycy6zfsXUgRL$a4d9dfd4f8f5a9afd9dadd917ff62316ce9ce099de61d90362c2bd404ba937b8670f0c8bec6a35b92f3caf983de61fa3e47bd24beb78505b6a8d48859c9c4b5b',3,'seller','jimenezshelley@example.net','2232549740',0),(122,'anne47','scrypt:32768:8:1$Nz1Kycy6zfsXUgRL$a4d9dfd4f8f5a9afd9dadd917ff62316ce9ce099de61d90362c2bd404ba937b8670f0c8bec6a35b92f3caf983de61fa3e47bd24beb78505b6a8d48859c9c4b5b',3,'seller','adammiller@example.org','3664560619',1),(123,'victor35','scrypt:32768:8:1$Nz1Kycy6zfsXUgRL$a4d9dfd4f8f5a9afd9dadd917ff62316ce9ce099de61d90362c2bd404ba937b8670f0c8bec6a35b92f3caf983de61fa3e47bd24beb78505b6a8d48859c9c4b5b',3,'seller','dwilliams@example.com','2493877254',0),(124,'travisharris','scrypt:32768:8:1$Nz1Kycy6zfsXUgRL$a4d9dfd4f8f5a9afd9dadd917ff62316ce9ce099de61d90362c2bd404ba937b8670f0c8bec6a35b92f3caf983de61fa3e47bd24beb78505b6a8d48859c9c4b5b',3,'seller','michael91@example.com','6823850500',1),(125,'ebarber','scrypt:32768:8:1$Nz1Kycy6zfsXUgRL$a4d9dfd4f8f5a9afd9dadd917ff62316ce9ce099de61d90362c2bd404ba937b8670f0c8bec6a35b92f3caf983de61fa3e47bd24beb78505b6a8d48859c9c4b5b',3,'seller','david36@example.net','4518265028',1),(126,'heidi70','scrypt:32768:8:1$Nz1Kycy6zfsXUgRL$a4d9dfd4f8f5a9afd9dadd917ff62316ce9ce099de61d90362c2bd404ba937b8670f0c8bec6a35b92f3caf983de61fa3e47bd24beb78505b6a8d48859c9c4b5b',3,'seller','aaronholmes@example.org','1431361259',0),(127,'amber69','scrypt:32768:8:1$Nz1Kycy6zfsXUgRL$a4d9dfd4f8f5a9afd9dadd917ff62316ce9ce099de61d90362c2bd404ba937b8670f0c8bec6a35b92f3caf983de61fa3e47bd24beb78505b6a8d48859c9c4b5b',3,'seller','franciscogray@example.net','4099687875',0),(128,'jameslittle','scrypt:32768:8:1$Nz1Kycy6zfsXUgRL$a4d9dfd4f8f5a9afd9dadd917ff62316ce9ce099de61d90362c2bd404ba937b8670f0c8bec6a35b92f3caf983de61fa3e47bd24beb78505b6a8d48859c9c4b5b',3,'seller','acostaelizabeth@example.net','8088352280',1),(129,'spenceedwin','scrypt:32768:8:1$Nz1Kycy6zfsXUgRL$a4d9dfd4f8f5a9afd9dadd917ff62316ce9ce099de61d90362c2bd404ba937b8670f0c8bec6a35b92f3caf983de61fa3e47bd24beb78505b6a8d48859c9c4b5b',3,'seller','barnesfrank@example.net','5781005591',0),(130,'alexanderveronica','scrypt:32768:8:1$Nz1Kycy6zfsXUgRL$a4d9dfd4f8f5a9afd9dadd917ff62316ce9ce099de61d90362c2bd404ba937b8670f0c8bec6a35b92f3caf983de61fa3e47bd24beb78505b6a8d48859c9c4b5b',3,'seller','kelly87@example.org','8945379729',0),(131,'marquezcassandra','scrypt:32768:8:1$Nz1Kycy6zfsXUgRL$a4d9dfd4f8f5a9afd9dadd917ff62316ce9ce099de61d90362c2bd404ba937b8670f0c8bec6a35b92f3caf983de61fa3e47bd24beb78505b6a8d48859c9c4b5b',3,'seller','miguelramirez@example.com','3980695129',0),(132,'tiffany55','scrypt:32768:8:1$Nz1Kycy6zfsXUgRL$a4d9dfd4f8f5a9afd9dadd917ff62316ce9ce099de61d90362c2bd404ba937b8670f0c8bec6a35b92f3caf983de61fa3e47bd24beb78505b6a8d48859c9c4b5b',3,'seller','davidfaulkner@example.com','5571670204',1),(133,'james21','scrypt:32768:8:1$Nz1Kycy6zfsXUgRL$a4d9dfd4f8f5a9afd9dadd917ff62316ce9ce099de61d90362c2bd404ba937b8670f0c8bec6a35b92f3caf983de61fa3e47bd24beb78505b6a8d48859c9c4b5b',3,'seller','jason38@example.net','8221630282',0),(134,'maria89','scrypt:32768:8:1$Nz1Kycy6zfsXUgRL$a4d9dfd4f8f5a9afd9dadd917ff62316ce9ce099de61d90362c2bd404ba937b8670f0c8bec6a35b92f3caf983de61fa3e47bd24beb78505b6a8d48859c9c4b5b',3,'seller','vlowery@example.org','1573720312',0),(135,'walkerjonathan','scrypt:32768:8:1$Nz1Kycy6zfsXUgRL$a4d9dfd4f8f5a9afd9dadd917ff62316ce9ce099de61d90362c2bd404ba937b8670f0c8bec6a35b92f3caf983de61fa3e47bd24beb78505b6a8d48859c9c4b5b',3,'seller','christina48@example.com','6332710923',1),(136,'smanning','scrypt:32768:8:1$Nz1Kycy6zfsXUgRL$a4d9dfd4f8f5a9afd9dadd917ff62316ce9ce099de61d90362c2bd404ba937b8670f0c8bec6a35b92f3caf983de61fa3e47bd24beb78505b6a8d48859c9c4b5b',3,'seller','georgejackson@example.com','1778879397',1),(137,'lisahendricks','scrypt:32768:8:1$Nz1Kycy6zfsXUgRL$a4d9dfd4f8f5a9afd9dadd917ff62316ce9ce099de61d90362c2bd404ba937b8670f0c8bec6a35b92f3caf983de61fa3e47bd24beb78505b6a8d48859c9c4b5b',3,'seller','wilkinsonjessica@example.com','1683404177',1),(138,'jack92','scrypt:32768:8:1$Nz1Kycy6zfsXUgRL$a4d9dfd4f8f5a9afd9dadd917ff62316ce9ce099de61d90362c2bd404ba937b8670f0c8bec6a35b92f3caf983de61fa3e47bd24beb78505b6a8d48859c9c4b5b',3,'seller','garykelley@example.org','5116248860',1),(139,'oclark','scrypt:32768:8:1$Nz1Kycy6zfsXUgRL$a4d9dfd4f8f5a9afd9dadd917ff62316ce9ce099de61d90362c2bd404ba937b8670f0c8bec6a35b92f3caf983de61fa3e47bd24beb78505b6a8d48859c9c4b5b',3,'seller','nsanders@example.org','4232864526',1),(140,'knappjohn','scrypt:32768:8:1$Nz1Kycy6zfsXUgRL$a4d9dfd4f8f5a9afd9dadd917ff62316ce9ce099de61d90362c2bd404ba937b8670f0c8bec6a35b92f3caf983de61fa3e47bd24beb78505b6a8d48859c9c4b5b',3,'seller','janetguerrero@example.com','1971962477',0),(141,'crandall','scrypt:32768:8:1$Nz1Kycy6zfsXUgRL$a4d9dfd4f8f5a9afd9dadd917ff62316ce9ce099de61d90362c2bd404ba937b8670f0c8bec6a35b92f3caf983de61fa3e47bd24beb78505b6a8d48859c9c4b5b',3,'seller','melendezcarl@example.org','9671339915',0),(142,'jeffreypope','scrypt:32768:8:1$Nz1Kycy6zfsXUgRL$a4d9dfd4f8f5a9afd9dadd917ff62316ce9ce099de61d90362c2bd404ba937b8670f0c8bec6a35b92f3caf983de61fa3e47bd24beb78505b6a8d48859c9c4b5b',3,'seller','houstonstephen@example.net','5765733023',1),(143,'mary22','scrypt:32768:8:1$Nz1Kycy6zfsXUgRL$a4d9dfd4f8f5a9afd9dadd917ff62316ce9ce099de61d90362c2bd404ba937b8670f0c8bec6a35b92f3caf983de61fa3e47bd24beb78505b6a8d48859c9c4b5b',3,'seller','robertpatterson@example.net','3793403763',0),(144,'wstewart','scrypt:32768:8:1$Nz1Kycy6zfsXUgRL$a4d9dfd4f8f5a9afd9dadd917ff62316ce9ce099de61d90362c2bd404ba937b8670f0c8bec6a35b92f3caf983de61fa3e47bd24beb78505b6a8d48859c9c4b5b',3,'seller','charles90@example.net','8352915541',1),(145,'thomas17','scrypt:32768:8:1$Nz1Kycy6zfsXUgRL$a4d9dfd4f8f5a9afd9dadd917ff62316ce9ce099de61d90362c2bd404ba937b8670f0c8bec6a35b92f3caf983de61fa3e47bd24beb78505b6a8d48859c9c4b5b',3,'seller','gomezmelissa@example.com','6405630312',0),(146,'ymcdonald','scrypt:32768:8:1$Nz1Kycy6zfsXUgRL$a4d9dfd4f8f5a9afd9dadd917ff62316ce9ce099de61d90362c2bd404ba937b8670f0c8bec6a35b92f3caf983de61fa3e47bd24beb78505b6a8d48859c9c4b5b',3,'seller','scottramirez@example.org','8066305784',1),(147,'hillscott','scrypt:32768:8:1$Nz1Kycy6zfsXUgRL$a4d9dfd4f8f5a9afd9dadd917ff62316ce9ce099de61d90362c2bd404ba937b8670f0c8bec6a35b92f3caf983de61fa3e47bd24beb78505b6a8d48859c9c4b5b',3,'seller','phillipdixon@example.com','6111479661',0),(148,'brownchristine','scrypt:32768:8:1$Nz1Kycy6zfsXUgRL$a4d9dfd4f8f5a9afd9dadd917ff62316ce9ce099de61d90362c2bd404ba937b8670f0c8bec6a35b92f3caf983de61fa3e47bd24beb78505b6a8d48859c9c4b5b',3,'seller','michelle11@example.com','6146757895',1),(149,'anitawilson','scrypt:32768:8:1$Nz1Kycy6zfsXUgRL$a4d9dfd4f8f5a9afd9dadd917ff62316ce9ce099de61d90362c2bd404ba937b8670f0c8bec6a35b92f3caf983de61fa3e47bd24beb78505b6a8d48859c9c4b5b',3,'seller','kim83@example.org','6947153868',1),(150,'yrush','scrypt:32768:8:1$Nz1Kycy6zfsXUgRL$a4d9dfd4f8f5a9afd9dadd917ff62316ce9ce099de61d90362c2bd404ba937b8670f0c8bec6a35b92f3caf983de61fa3e47bd24beb78505b6a8d48859c9c4b5b',3,'seller','kathleen32@example.net','5868494816',1),(151,'corr','scrypt:32768:8:1$Nz1Kycy6zfsXUgRL$a4d9dfd4f8f5a9afd9dadd917ff62316ce9ce099de61d90362c2bd404ba937b8670f0c8bec6a35b92f3caf983de61fa3e47bd24beb78505b6a8d48859c9c4b5b',3,'seller','brendalindsey@example.com','5971249120',0),(152,'janet90','scrypt:32768:8:1$Nz1Kycy6zfsXUgRL$a4d9dfd4f8f5a9afd9dadd917ff62316ce9ce099de61d90362c2bd404ba937b8670f0c8bec6a35b92f3caf983de61fa3e47bd24beb78505b6a8d48859c9c4b5b',3,'seller','clintonmoreno@example.org','6583149732',0),(153,'bridget38','scrypt:32768:8:1$Nz1Kycy6zfsXUgRL$a4d9dfd4f8f5a9afd9dadd917ff62316ce9ce099de61d90362c2bd404ba937b8670f0c8bec6a35b92f3caf983de61fa3e47bd24beb78505b6a8d48859c9c4b5b',3,'seller','mbrown@example.net','9618682739',0),(154,'ythomas','scrypt:32768:8:1$Nz1Kycy6zfsXUgRL$a4d9dfd4f8f5a9afd9dadd917ff62316ce9ce099de61d90362c2bd404ba937b8670f0c8bec6a35b92f3caf983de61fa3e47bd24beb78505b6a8d48859c9c4b5b',3,'seller','brooksrenee@example.net','7876647339',0),(155,'blairmark','scrypt:32768:8:1$Nz1Kycy6zfsXUgRL$a4d9dfd4f8f5a9afd9dadd917ff62316ce9ce099de61d90362c2bd404ba937b8670f0c8bec6a35b92f3caf983de61fa3e47bd24beb78505b6a8d48859c9c4b5b',3,'seller','vperry@example.org','2044007283',0),(156,'robinsonmary','scrypt:32768:8:1$Nz1Kycy6zfsXUgRL$a4d9dfd4f8f5a9afd9dadd917ff62316ce9ce099de61d90362c2bd404ba937b8670f0c8bec6a35b92f3caf983de61fa3e47bd24beb78505b6a8d48859c9c4b5b',3,'seller','aterry@example.org','9636855288',1),(157,'kanelaurie','scrypt:32768:8:1$Nz1Kycy6zfsXUgRL$a4d9dfd4f8f5a9afd9dadd917ff62316ce9ce099de61d90362c2bd404ba937b8670f0c8bec6a35b92f3caf983de61fa3e47bd24beb78505b6a8d48859c9c4b5b',3,'seller','qbell@example.com','4349065431',0),(158,'shelby65','scrypt:32768:8:1$Nz1Kycy6zfsXUgRL$a4d9dfd4f8f5a9afd9dadd917ff62316ce9ce099de61d90362c2bd404ba937b8670f0c8bec6a35b92f3caf983de61fa3e47bd24beb78505b6a8d48859c9c4b5b',3,'seller','donald65@example.com','8291675602',0),(159,'reeveselizabeth','scrypt:32768:8:1$Nz1Kycy6zfsXUgRL$a4d9dfd4f8f5a9afd9dadd917ff62316ce9ce099de61d90362c2bd404ba937b8670f0c8bec6a35b92f3caf983de61fa3e47bd24beb78505b6a8d48859c9c4b5b',3,'seller','andrew09@example.net','4910915857',0),(160,'willisamanda','scrypt:32768:8:1$Nz1Kycy6zfsXUgRL$a4d9dfd4f8f5a9afd9dadd917ff62316ce9ce099de61d90362c2bd404ba937b8670f0c8bec6a35b92f3caf983de61fa3e47bd24beb78505b6a8d48859c9c4b5b',3,'seller','amysolis@example.com','4598980361',1),(161,'aford','scrypt:32768:8:1$Nz1Kycy6zfsXUgRL$a4d9dfd4f8f5a9afd9dadd917ff62316ce9ce099de61d90362c2bd404ba937b8670f0c8bec6a35b92f3caf983de61fa3e47bd24beb78505b6a8d48859c9c4b5b',3,'seller','rclark@example.org','2679652497',0),(162,'frank24','scrypt:32768:8:1$Nz1Kycy6zfsXUgRL$a4d9dfd4f8f5a9afd9dadd917ff62316ce9ce099de61d90362c2bd404ba937b8670f0c8bec6a35b92f3caf983de61fa3e47bd24beb78505b6a8d48859c9c4b5b',3,'seller','carlaward@example.org','4036000234',1),(163,'john55','scrypt:32768:8:1$Nz1Kycy6zfsXUgRL$a4d9dfd4f8f5a9afd9dadd917ff62316ce9ce099de61d90362c2bd404ba937b8670f0c8bec6a35b92f3caf983de61fa3e47bd24beb78505b6a8d48859c9c4b5b',3,'seller','stephaniewalker@example.net','4679667075',0),(164,'barnettjason','scrypt:32768:8:1$Nz1Kycy6zfsXUgRL$a4d9dfd4f8f5a9afd9dadd917ff62316ce9ce099de61d90362c2bd404ba937b8670f0c8bec6a35b92f3caf983de61fa3e47bd24beb78505b6a8d48859c9c4b5b',3,'seller','ramoszachary@example.com','8724190219',1),(165,'moorewhitney','scrypt:32768:8:1$Nz1Kycy6zfsXUgRL$a4d9dfd4f8f5a9afd9dadd917ff62316ce9ce099de61d90362c2bd404ba937b8670f0c8bec6a35b92f3caf983de61fa3e47bd24beb78505b6a8d48859c9c4b5b',3,'seller','staceysweeney@example.net','8046814733',0),(166,'jacqueline65','scrypt:32768:8:1$Nz1Kycy6zfsXUgRL$a4d9dfd4f8f5a9afd9dadd917ff62316ce9ce099de61d90362c2bd404ba937b8670f0c8bec6a35b92f3caf983de61fa3e47bd24beb78505b6a8d48859c9c4b5b',3,'seller','cvaughan@example.com','7417177840',0),(167,'jamiereynolds','scrypt:32768:8:1$Nz1Kycy6zfsXUgRL$a4d9dfd4f8f5a9afd9dadd917ff62316ce9ce099de61d90362c2bd404ba937b8670f0c8bec6a35b92f3caf983de61fa3e47bd24beb78505b6a8d48859c9c4b5b',3,'seller','pamelaterry@example.net','2496347266',1),(168,'timothy75','scrypt:32768:8:1$Nz1Kycy6zfsXUgRL$a4d9dfd4f8f5a9afd9dadd917ff62316ce9ce099de61d90362c2bd404ba937b8670f0c8bec6a35b92f3caf983de61fa3e47bd24beb78505b6a8d48859c9c4b5b',3,'seller','kjones@example.net','4483370067',0),(169,'davidharris','scrypt:32768:8:1$Nz1Kycy6zfsXUgRL$a4d9dfd4f8f5a9afd9dadd917ff62316ce9ce099de61d90362c2bd404ba937b8670f0c8bec6a35b92f3caf983de61fa3e47bd24beb78505b6a8d48859c9c4b5b',3,'seller','rdiaz@example.net','4919224147',1),(170,'heatherguerra','scrypt:32768:8:1$Nz1Kycy6zfsXUgRL$a4d9dfd4f8f5a9afd9dadd917ff62316ce9ce099de61d90362c2bd404ba937b8670f0c8bec6a35b92f3caf983de61fa3e47bd24beb78505b6a8d48859c9c4b5b',3,'seller','josephandersen@example.com','8182935656',0),(171,'nvalencia','scrypt:32768:8:1$Nz1Kycy6zfsXUgRL$a4d9dfd4f8f5a9afd9dadd917ff62316ce9ce099de61d90362c2bd404ba937b8670f0c8bec6a35b92f3caf983de61fa3e47bd24beb78505b6a8d48859c9c4b5b',3,'seller','sheila41@example.net','3895115542',1),(172,'jason69','scrypt:32768:8:1$Nz1Kycy6zfsXUgRL$a4d9dfd4f8f5a9afd9dadd917ff62316ce9ce099de61d90362c2bd404ba937b8670f0c8bec6a35b92f3caf983de61fa3e47bd24beb78505b6a8d48859c9c4b5b',3,'seller','amandaschroeder@example.net','1736714343',0),(173,'sho','scrypt:32768:8:1$Nz1Kycy6zfsXUgRL$a4d9dfd4f8f5a9afd9dadd917ff62316ce9ce099de61d90362c2bd404ba937b8670f0c8bec6a35b92f3caf983de61fa3e47bd24beb78505b6a8d48859c9c4b5b',3,'seller','raymond95@example.org','1676323800',1),(174,'aaron33','scrypt:32768:8:1$Nz1Kycy6zfsXUgRL$a4d9dfd4f8f5a9afd9dadd917ff62316ce9ce099de61d90362c2bd404ba937b8670f0c8bec6a35b92f3caf983de61fa3e47bd24beb78505b6a8d48859c9c4b5b',3,'seller','carrjesus@example.net','5336029871',1),(175,'perrylinda','scrypt:32768:8:1$Nz1Kycy6zfsXUgRL$a4d9dfd4f8f5a9afd9dadd917ff62316ce9ce099de61d90362c2bd404ba937b8670f0c8bec6a35b92f3caf983de61fa3e47bd24beb78505b6a8d48859c9c4b5b',3,'seller','williamalvarado@example.net','1958748881',1),(176,'wilcoxaustin','scrypt:32768:8:1$Nz1Kycy6zfsXUgRL$a4d9dfd4f8f5a9afd9dadd917ff62316ce9ce099de61d90362c2bd404ba937b8670f0c8bec6a35b92f3caf983de61fa3e47bd24beb78505b6a8d48859c9c4b5b',3,'seller','nicholasweiss@example.org','1836164507',0),(177,'cruzmarcus','scrypt:32768:8:1$Nz1Kycy6zfsXUgRL$a4d9dfd4f8f5a9afd9dadd917ff62316ce9ce099de61d90362c2bd404ba937b8670f0c8bec6a35b92f3caf983de61fa3e47bd24beb78505b6a8d48859c9c4b5b',3,'seller','jenkinsthomas@example.com','4494413489',0),(178,'amber85','scrypt:32768:8:1$Nz1Kycy6zfsXUgRL$a4d9dfd4f8f5a9afd9dadd917ff62316ce9ce099de61d90362c2bd404ba937b8670f0c8bec6a35b92f3caf983de61fa3e47bd24beb78505b6a8d48859c9c4b5b',3,'seller','nancyhenry@example.net','3329507350',0),(179,'serranojennifer','scrypt:32768:8:1$Nz1Kycy6zfsXUgRL$a4d9dfd4f8f5a9afd9dadd917ff62316ce9ce099de61d90362c2bd404ba937b8670f0c8bec6a35b92f3caf983de61fa3e47bd24beb78505b6a8d48859c9c4b5b',3,'seller','camachoanna@example.com','9418796120',1),(180,'stephen63','scrypt:32768:8:1$Nz1Kycy6zfsXUgRL$a4d9dfd4f8f5a9afd9dadd917ff62316ce9ce099de61d90362c2bd404ba937b8670f0c8bec6a35b92f3caf983de61fa3e47bd24beb78505b6a8d48859c9c4b5b',3,'seller','cassandra47@example.net','4028462136',0),(181,'sara12','scrypt:32768:8:1$Nz1Kycy6zfsXUgRL$a4d9dfd4f8f5a9afd9dadd917ff62316ce9ce099de61d90362c2bd404ba937b8670f0c8bec6a35b92f3caf983de61fa3e47bd24beb78505b6a8d48859c9c4b5b',3,'seller','morganforbes@example.org','8336556751',0),(182,'kingpatricia','scrypt:32768:8:1$Nz1Kycy6zfsXUgRL$a4d9dfd4f8f5a9afd9dadd917ff62316ce9ce099de61d90362c2bd404ba937b8670f0c8bec6a35b92f3caf983de61fa3e47bd24beb78505b6a8d48859c9c4b5b',3,'seller','barnettmary@example.org','1999112973',1),(183,'greeneamanda','scrypt:32768:8:1$Nz1Kycy6zfsXUgRL$a4d9dfd4f8f5a9afd9dadd917ff62316ce9ce099de61d90362c2bd404ba937b8670f0c8bec6a35b92f3caf983de61fa3e47bd24beb78505b6a8d48859c9c4b5b',3,'seller','joshua85@example.org','2682645814',1),(184,'ortizmichael','scrypt:32768:8:1$Nz1Kycy6zfsXUgRL$a4d9dfd4f8f5a9afd9dadd917ff62316ce9ce099de61d90362c2bd404ba937b8670f0c8bec6a35b92f3caf983de61fa3e47bd24beb78505b6a8d48859c9c4b5b',3,'seller','harrisjamie@example.com','1063589944',0),(185,'tonicohen','scrypt:32768:8:1$Nz1Kycy6zfsXUgRL$a4d9dfd4f8f5a9afd9dadd917ff62316ce9ce099de61d90362c2bd404ba937b8670f0c8bec6a35b92f3caf983de61fa3e47bd24beb78505b6a8d48859c9c4b5b',3,'seller','williamholmes@example.com','1786645607',1),(186,'wturner','scrypt:32768:8:1$Nz1Kycy6zfsXUgRL$a4d9dfd4f8f5a9afd9dadd917ff62316ce9ce099de61d90362c2bd404ba937b8670f0c8bec6a35b92f3caf983de61fa3e47bd24beb78505b6a8d48859c9c4b5b',3,'seller','charlesjohnson@example.org','8456238878',0),(187,'zgonzalez','scrypt:32768:8:1$Nz1Kycy6zfsXUgRL$a4d9dfd4f8f5a9afd9dadd917ff62316ce9ce099de61d90362c2bd404ba937b8670f0c8bec6a35b92f3caf983de61fa3e47bd24beb78505b6a8d48859c9c4b5b',3,'seller','waltersmark@example.com','2391320916',0),(188,'steven85','scrypt:32768:8:1$Nz1Kycy6zfsXUgRL$a4d9dfd4f8f5a9afd9dadd917ff62316ce9ce099de61d90362c2bd404ba937b8670f0c8bec6a35b92f3caf983de61fa3e47bd24beb78505b6a8d48859c9c4b5b',3,'seller','amywerner@example.org','9561523147',0),(189,'carla48','scrypt:32768:8:1$Nz1Kycy6zfsXUgRL$a4d9dfd4f8f5a9afd9dadd917ff62316ce9ce099de61d90362c2bd404ba937b8670f0c8bec6a35b92f3caf983de61fa3e47bd24beb78505b6a8d48859c9c4b5b',3,'seller','bradleygarner@example.com','1849918612',1),(190,'yolanda73','scrypt:32768:8:1$Nz1Kycy6zfsXUgRL$a4d9dfd4f8f5a9afd9dadd917ff62316ce9ce099de61d90362c2bd404ba937b8670f0c8bec6a35b92f3caf983de61fa3e47bd24beb78505b6a8d48859c9c4b5b',3,'seller','martinezmark@example.org','3954040262',1),(191,'rwatson','scrypt:32768:8:1$Nz1Kycy6zfsXUgRL$a4d9dfd4f8f5a9afd9dadd917ff62316ce9ce099de61d90362c2bd404ba937b8670f0c8bec6a35b92f3caf983de61fa3e47bd24beb78505b6a8d48859c9c4b5b',3,'seller','ryanhernandez@example.com','7208203245',0),(192,'fjones','scrypt:32768:8:1$Nz1Kycy6zfsXUgRL$a4d9dfd4f8f5a9afd9dadd917ff62316ce9ce099de61d90362c2bd404ba937b8670f0c8bec6a35b92f3caf983de61fa3e47bd24beb78505b6a8d48859c9c4b5b',3,'seller','lisa96@example.net','6247762542',1),(193,'rodriguezkatelyn','scrypt:32768:8:1$Nz1Kycy6zfsXUgRL$a4d9dfd4f8f5a9afd9dadd917ff62316ce9ce099de61d90362c2bd404ba937b8670f0c8bec6a35b92f3caf983de61fa3e47bd24beb78505b6a8d48859c9c4b5b',3,'seller','fostersteven@example.org','3199970531',1),(194,'twaters','scrypt:32768:8:1$Nz1Kycy6zfsXUgRL$a4d9dfd4f8f5a9afd9dadd917ff62316ce9ce099de61d90362c2bd404ba937b8670f0c8bec6a35b92f3caf983de61fa3e47bd24beb78505b6a8d48859c9c4b5b',3,'seller','lmartinez@example.net','2162522735',0),(195,'enorris','scrypt:32768:8:1$Nz1Kycy6zfsXUgRL$a4d9dfd4f8f5a9afd9dadd917ff62316ce9ce099de61d90362c2bd404ba937b8670f0c8bec6a35b92f3caf983de61fa3e47bd24beb78505b6a8d48859c9c4b5b',3,'seller','patricia90@example.com','5345716000',0),(196,'michael26','scrypt:32768:8:1$Nz1Kycy6zfsXUgRL$a4d9dfd4f8f5a9afd9dadd917ff62316ce9ce099de61d90362c2bd404ba937b8670f0c8bec6a35b92f3caf983de61fa3e47bd24beb78505b6a8d48859c9c4b5b',3,'seller','baldwinrodney@example.com','2729902694',0),(197,'kimberly33','scrypt:32768:8:1$Nz1Kycy6zfsXUgRL$a4d9dfd4f8f5a9afd9dadd917ff62316ce9ce099de61d90362c2bd404ba937b8670f0c8bec6a35b92f3caf983de61fa3e47bd24beb78505b6a8d48859c9c4b5b',3,'seller','rodriguezsarah@example.net','8689209684',0),(198,'erobertson','scrypt:32768:8:1$Nz1Kycy6zfsXUgRL$a4d9dfd4f8f5a9afd9dadd917ff62316ce9ce099de61d90362c2bd404ba937b8670f0c8bec6a35b92f3caf983de61fa3e47bd24beb78505b6a8d48859c9c4b5b',3,'seller','melissafoster@example.org','5972388658',0),(199,'amandahaas','scrypt:32768:8:1$Nz1Kycy6zfsXUgRL$a4d9dfd4f8f5a9afd9dadd917ff62316ce9ce099de61d90362c2bd404ba937b8670f0c8bec6a35b92f3caf983de61fa3e47bd24beb78505b6a8d48859c9c4b5b',3,'seller','jacksonadam@example.com','1491153711',1),(200,'tom59','scrypt:32768:8:1$Nz1Kycy6zfsXUgRL$a4d9dfd4f8f5a9afd9dadd917ff62316ce9ce099de61d90362c2bd404ba937b8670f0c8bec6a35b92f3caf983de61fa3e47bd24beb78505b6a8d48859c9c4b5b',3,'seller','alvarezbailey@example.com','9457432775',1),(201,'jstokes','scrypt:32768:8:1$Nz1Kycy6zfsXUgRL$a4d9dfd4f8f5a9afd9dadd917ff62316ce9ce099de61d90362c2bd404ba937b8670f0c8bec6a35b92f3caf983de61fa3e47bd24beb78505b6a8d48859c9c4b5b',3,'seller','heather33@example.com','3878844872',0),(202,'kenneth89','scrypt:32768:8:1$Nz1Kycy6zfsXUgRL$a4d9dfd4f8f5a9afd9dadd917ff62316ce9ce099de61d90362c2bd404ba937b8670f0c8bec6a35b92f3caf983de61fa3e47bd24beb78505b6a8d48859c9c4b5b',4,'agent','bdavila@example.org','1236596935',0),(203,'bbarnes','scrypt:32768:8:1$Nz1Kycy6zfsXUgRL$a4d9dfd4f8f5a9afd9dadd917ff62316ce9ce099de61d90362c2bd404ba937b8670f0c8bec6a35b92f3caf983de61fa3e47bd24beb78505b6a8d48859c9c4b5b',4,'agent','jessicafoster@example.org','1419912036',0),(204,'igarcia','scrypt:32768:8:1$Nz1Kycy6zfsXUgRL$a4d9dfd4f8f5a9afd9dadd917ff62316ce9ce099de61d90362c2bd404ba937b8670f0c8bec6a35b92f3caf983de61fa3e47bd24beb78505b6a8d48859c9c4b5b',4,'agent','pamela84@example.com','6138468668',0),(205,'patrickdrake','scrypt:32768:8:1$Nz1Kycy6zfsXUgRL$a4d9dfd4f8f5a9afd9dadd917ff62316ce9ce099de61d90362c2bd404ba937b8670f0c8bec6a35b92f3caf983de61fa3e47bd24beb78505b6a8d48859c9c4b5b',4,'agent','zbrown@example.com','6960609102',1),(206,'mcgeegarrett','scrypt:32768:8:1$Nz1Kycy6zfsXUgRL$a4d9dfd4f8f5a9afd9dadd917ff62316ce9ce099de61d90362c2bd404ba937b8670f0c8bec6a35b92f3caf983de61fa3e47bd24beb78505b6a8d48859c9c4b5b',4,'agent','zthomas@example.org','3263592637',1),(207,'harrisonkatelyn','scrypt:32768:8:1$Nz1Kycy6zfsXUgRL$a4d9dfd4f8f5a9afd9dadd917ff62316ce9ce099de61d90362c2bd404ba937b8670f0c8bec6a35b92f3caf983de61fa3e47bd24beb78505b6a8d48859c9c4b5b',4,'agent','baileycraig@example.org','9500268543',1),(208,'alexiswood','scrypt:32768:8:1$Nz1Kycy6zfsXUgRL$a4d9dfd4f8f5a9afd9dadd917ff62316ce9ce099de61d90362c2bd404ba937b8670f0c8bec6a35b92f3caf983de61fa3e47bd24beb78505b6a8d48859c9c4b5b',4,'agent','aaronturner@example.org','8948685083',0),(209,'wreyes','scrypt:32768:8:1$Nz1Kycy6zfsXUgRL$a4d9dfd4f8f5a9afd9dadd917ff62316ce9ce099de61d90362c2bd404ba937b8670f0c8bec6a35b92f3caf983de61fa3e47bd24beb78505b6a8d48859c9c4b5b',4,'agent','chriscooper@example.com','8384904123',1),(210,'cheryl88','scrypt:32768:8:1$Nz1Kycy6zfsXUgRL$a4d9dfd4f8f5a9afd9dadd917ff62316ce9ce099de61d90362c2bd404ba937b8670f0c8bec6a35b92f3caf983de61fa3e47bd24beb78505b6a8d48859c9c4b5b',4,'agent','dunnjohn@example.net','9415425467',0),(211,'hreid','scrypt:32768:8:1$Nz1Kycy6zfsXUgRL$a4d9dfd4f8f5a9afd9dadd917ff62316ce9ce099de61d90362c2bd404ba937b8670f0c8bec6a35b92f3caf983de61fa3e47bd24beb78505b6a8d48859c9c4b5b',4,'agent','uharvey@example.net','5961045765',0),(212,'dawn98','scrypt:32768:8:1$Nz1Kycy6zfsXUgRL$a4d9dfd4f8f5a9afd9dadd917ff62316ce9ce099de61d90362c2bd404ba937b8670f0c8bec6a35b92f3caf983de61fa3e47bd24beb78505b6a8d48859c9c4b5b',4,'agent','marie51@example.org','8775215543',1),(213,'camposlori','scrypt:32768:8:1$Nz1Kycy6zfsXUgRL$a4d9dfd4f8f5a9afd9dadd917ff62316ce9ce099de61d90362c2bd404ba937b8670f0c8bec6a35b92f3caf983de61fa3e47bd24beb78505b6a8d48859c9c4b5b',4,'agent','tyler42@example.net','4158404678',0),(214,'micheal00','scrypt:32768:8:1$Nz1Kycy6zfsXUgRL$a4d9dfd4f8f5a9afd9dadd917ff62316ce9ce099de61d90362c2bd404ba937b8670f0c8bec6a35b92f3caf983de61fa3e47bd24beb78505b6a8d48859c9c4b5b',4,'agent','anthonyrojas@example.org','9374390637',1),(215,'olyons','scrypt:32768:8:1$Nz1Kycy6zfsXUgRL$a4d9dfd4f8f5a9afd9dadd917ff62316ce9ce099de61d90362c2bd404ba937b8670f0c8bec6a35b92f3caf983de61fa3e47bd24beb78505b6a8d48859c9c4b5b',4,'agent','thomasjoseph@example.com','6084678428',1),(216,'brownerik','scrypt:32768:8:1$Nz1Kycy6zfsXUgRL$a4d9dfd4f8f5a9afd9dadd917ff62316ce9ce099de61d90362c2bd404ba937b8670f0c8bec6a35b92f3caf983de61fa3e47bd24beb78505b6a8d48859c9c4b5b',4,'agent','francis38@example.com','6097486788',1),(217,'leeanna','scrypt:32768:8:1$Nz1Kycy6zfsXUgRL$a4d9dfd4f8f5a9afd9dadd917ff62316ce9ce099de61d90362c2bd404ba937b8670f0c8bec6a35b92f3caf983de61fa3e47bd24beb78505b6a8d48859c9c4b5b',4,'agent','umeyer@example.com','5205344330',0),(218,'jasonhurst','scrypt:32768:8:1$Nz1Kycy6zfsXUgRL$a4d9dfd4f8f5a9afd9dadd917ff62316ce9ce099de61d90362c2bd404ba937b8670f0c8bec6a35b92f3caf983de61fa3e47bd24beb78505b6a8d48859c9c4b5b',4,'agent','robert49@example.org','3858538815',0),(219,'shawn78','scrypt:32768:8:1$Nz1Kycy6zfsXUgRL$a4d9dfd4f8f5a9afd9dadd917ff62316ce9ce099de61d90362c2bd404ba937b8670f0c8bec6a35b92f3caf983de61fa3e47bd24beb78505b6a8d48859c9c4b5b',4,'agent','ylawrence@example.net','3706397331',0),(220,'mark22','scrypt:32768:8:1$Nz1Kycy6zfsXUgRL$a4d9dfd4f8f5a9afd9dadd917ff62316ce9ce099de61d90362c2bd404ba937b8670f0c8bec6a35b92f3caf983de61fa3e47bd24beb78505b6a8d48859c9c4b5b',4,'agent','nwright@example.org','3008897251',1),(221,'brittany91','scrypt:32768:8:1$Nz1Kycy6zfsXUgRL$a4d9dfd4f8f5a9afd9dadd917ff62316ce9ce099de61d90362c2bd404ba937b8670f0c8bec6a35b92f3caf983de61fa3e47bd24beb78505b6a8d48859c9c4b5b',4,'agent','evan34@example.com','8374777930',1),(222,'joshua44','scrypt:32768:8:1$Nz1Kycy6zfsXUgRL$a4d9dfd4f8f5a9afd9dadd917ff62316ce9ce099de61d90362c2bd404ba937b8670f0c8bec6a35b92f3caf983de61fa3e47bd24beb78505b6a8d48859c9c4b5b',4,'agent','bishopkristin@example.com','1417052899',0),(223,'rfrancis','scrypt:32768:8:1$Nz1Kycy6zfsXUgRL$a4d9dfd4f8f5a9afd9dadd917ff62316ce9ce099de61d90362c2bd404ba937b8670f0c8bec6a35b92f3caf983de61fa3e47bd24beb78505b6a8d48859c9c4b5b',4,'agent','ryan86@example.com','4064664904',0),(224,'tammy89','scrypt:32768:8:1$Nz1Kycy6zfsXUgRL$a4d9dfd4f8f5a9afd9dadd917ff62316ce9ce099de61d90362c2bd404ba937b8670f0c8bec6a35b92f3caf983de61fa3e47bd24beb78505b6a8d48859c9c4b5b',4,'agent','mitchelljason@example.net','1855414609',1),(225,'smithbrittany','scrypt:32768:8:1$Nz1Kycy6zfsXUgRL$a4d9dfd4f8f5a9afd9dadd917ff62316ce9ce099de61d90362c2bd404ba937b8670f0c8bec6a35b92f3caf983de61fa3e47bd24beb78505b6a8d48859c9c4b5b',4,'agent','samuelwashington@example.com','9694447401',0),(226,'zsolomon','scrypt:32768:8:1$Nz1Kycy6zfsXUgRL$a4d9dfd4f8f5a9afd9dadd917ff62316ce9ce099de61d90362c2bd404ba937b8670f0c8bec6a35b92f3caf983de61fa3e47bd24beb78505b6a8d48859c9c4b5b',4,'agent','angela80@example.org','3355015014',0),(227,'crawfordzachary','scrypt:32768:8:1$Nz1Kycy6zfsXUgRL$a4d9dfd4f8f5a9afd9dadd917ff62316ce9ce099de61d90362c2bd404ba937b8670f0c8bec6a35b92f3caf983de61fa3e47bd24beb78505b6a8d48859c9c4b5b',4,'agent','arthur27@example.org','6645707648',1),(228,'masonsamuel','scrypt:32768:8:1$Nz1Kycy6zfsXUgRL$a4d9dfd4f8f5a9afd9dadd917ff62316ce9ce099de61d90362c2bd404ba937b8670f0c8bec6a35b92f3caf983de61fa3e47bd24beb78505b6a8d48859c9c4b5b',4,'agent','jose06@example.org','5255663622',1),(229,'mmartin','scrypt:32768:8:1$Nz1Kycy6zfsXUgRL$a4d9dfd4f8f5a9afd9dadd917ff62316ce9ce099de61d90362c2bd404ba937b8670f0c8bec6a35b92f3caf983de61fa3e47bd24beb78505b6a8d48859c9c4b5b',4,'agent','lauren26@example.net','6686313960',0),(230,'julie84','scrypt:32768:8:1$Nz1Kycy6zfsXUgRL$a4d9dfd4f8f5a9afd9dadd917ff62316ce9ce099de61d90362c2bd404ba937b8670f0c8bec6a35b92f3caf983de61fa3e47bd24beb78505b6a8d48859c9c4b5b',4,'agent','sherrythompson@example.net','2713531371',0),(231,'zachary54','scrypt:32768:8:1$Nz1Kycy6zfsXUgRL$a4d9dfd4f8f5a9afd9dadd917ff62316ce9ce099de61d90362c2bd404ba937b8670f0c8bec6a35b92f3caf983de61fa3e47bd24beb78505b6a8d48859c9c4b5b',4,'agent','millerjeffrey@example.org','2961229009',1),(232,'michaelolson','scrypt:32768:8:1$Nz1Kycy6zfsXUgRL$a4d9dfd4f8f5a9afd9dadd917ff62316ce9ce099de61d90362c2bd404ba937b8670f0c8bec6a35b92f3caf983de61fa3e47bd24beb78505b6a8d48859c9c4b5b',4,'agent','fvincent@example.net','1617034266',1),(233,'lburton','scrypt:32768:8:1$Nz1Kycy6zfsXUgRL$a4d9dfd4f8f5a9afd9dadd917ff62316ce9ce099de61d90362c2bd404ba937b8670f0c8bec6a35b92f3caf983de61fa3e47bd24beb78505b6a8d48859c9c4b5b',4,'agent','uadams@example.org','4016776265',1),(234,'sean10','scrypt:32768:8:1$Nz1Kycy6zfsXUgRL$a4d9dfd4f8f5a9afd9dadd917ff62316ce9ce099de61d90362c2bd404ba937b8670f0c8bec6a35b92f3caf983de61fa3e47bd24beb78505b6a8d48859c9c4b5b',4,'agent','jacksonmark@example.net','9786707642',1),(235,'michelleramirez','scrypt:32768:8:1$Nz1Kycy6zfsXUgRL$a4d9dfd4f8f5a9afd9dadd917ff62316ce9ce099de61d90362c2bd404ba937b8670f0c8bec6a35b92f3caf983de61fa3e47bd24beb78505b6a8d48859c9c4b5b',4,'agent','gwright@example.net','1758695381',0),(236,'esuarez','scrypt:32768:8:1$Nz1Kycy6zfsXUgRL$a4d9dfd4f8f5a9afd9dadd917ff62316ce9ce099de61d90362c2bd404ba937b8670f0c8bec6a35b92f3caf983de61fa3e47bd24beb78505b6a8d48859c9c4b5b',4,'agent','timothytorres@example.net','9342776513',1),(237,'vdixon','scrypt:32768:8:1$Nz1Kycy6zfsXUgRL$a4d9dfd4f8f5a9afd9dadd917ff62316ce9ce099de61d90362c2bd404ba937b8670f0c8bec6a35b92f3caf983de61fa3e47bd24beb78505b6a8d48859c9c4b5b',4,'agent','whitepaula@example.com','9373519002',1),(238,'ghenderson','scrypt:32768:8:1$Nz1Kycy6zfsXUgRL$a4d9dfd4f8f5a9afd9dadd917ff62316ce9ce099de61d90362c2bd404ba937b8670f0c8bec6a35b92f3caf983de61fa3e47bd24beb78505b6a8d48859c9c4b5b',4,'agent','aglover@example.org','9025682665',1),(239,'espinozabradley','scrypt:32768:8:1$Nz1Kycy6zfsXUgRL$a4d9dfd4f8f5a9afd9dadd917ff62316ce9ce099de61d90362c2bd404ba937b8670f0c8bec6a35b92f3caf983de61fa3e47bd24beb78505b6a8d48859c9c4b5b',4,'agent','drodriguez@example.com','4377097269',0),(240,'amcconnell','scrypt:32768:8:1$Nz1Kycy6zfsXUgRL$a4d9dfd4f8f5a9afd9dadd917ff62316ce9ce099de61d90362c2bd404ba937b8670f0c8bec6a35b92f3caf983de61fa3e47bd24beb78505b6a8d48859c9c4b5b',4,'agent','njohnston@example.org','1431012126',0),(241,'kayla16','scrypt:32768:8:1$Nz1Kycy6zfsXUgRL$a4d9dfd4f8f5a9afd9dadd917ff62316ce9ce099de61d90362c2bd404ba937b8670f0c8bec6a35b92f3caf983de61fa3e47bd24beb78505b6a8d48859c9c4b5b',4,'agent','ywilliams@example.net','2070021840',1),(242,'garylane','scrypt:32768:8:1$Nz1Kycy6zfsXUgRL$a4d9dfd4f8f5a9afd9dadd917ff62316ce9ce099de61d90362c2bd404ba937b8670f0c8bec6a35b92f3caf983de61fa3e47bd24beb78505b6a8d48859c9c4b5b',4,'agent','clarkpeggy@example.net','1187426066',1),(243,'joelmurphy','scrypt:32768:8:1$Nz1Kycy6zfsXUgRL$a4d9dfd4f8f5a9afd9dadd917ff62316ce9ce099de61d90362c2bd404ba937b8670f0c8bec6a35b92f3caf983de61fa3e47bd24beb78505b6a8d48859c9c4b5b',4,'agent','amysuarez@example.org','2324731236',1),(244,'yhicks','scrypt:32768:8:1$Nz1Kycy6zfsXUgRL$a4d9dfd4f8f5a9afd9dadd917ff62316ce9ce099de61d90362c2bd404ba937b8670f0c8bec6a35b92f3caf983de61fa3e47bd24beb78505b6a8d48859c9c4b5b',4,'agent','haynesjacob@example.net','2536337987',1),(245,'zimmermanhailey','scrypt:32768:8:1$Nz1Kycy6zfsXUgRL$a4d9dfd4f8f5a9afd9dadd917ff62316ce9ce099de61d90362c2bd404ba937b8670f0c8bec6a35b92f3caf983de61fa3e47bd24beb78505b6a8d48859c9c4b5b',4,'agent','dwaynethomas@example.net','2589015466',0),(246,'laura06','scrypt:32768:8:1$Nz1Kycy6zfsXUgRL$a4d9dfd4f8f5a9afd9dadd917ff62316ce9ce099de61d90362c2bd404ba937b8670f0c8bec6a35b92f3caf983de61fa3e47bd24beb78505b6a8d48859c9c4b5b',4,'agent','riveramelissa@example.net','3762640998',0),(247,'avilalarry','scrypt:32768:8:1$Nz1Kycy6zfsXUgRL$a4d9dfd4f8f5a9afd9dadd917ff62316ce9ce099de61d90362c2bd404ba937b8670f0c8bec6a35b92f3caf983de61fa3e47bd24beb78505b6a8d48859c9c4b5b',4,'agent','john83@example.org','7995417019',0),(248,'ryanjackson','scrypt:32768:8:1$Nz1Kycy6zfsXUgRL$a4d9dfd4f8f5a9afd9dadd917ff62316ce9ce099de61d90362c2bd404ba937b8670f0c8bec6a35b92f3caf983de61fa3e47bd24beb78505b6a8d48859c9c4b5b',4,'agent','fosterlarry@example.org','8939787438',1),(249,'strongtheresa','scrypt:32768:8:1$Nz1Kycy6zfsXUgRL$a4d9dfd4f8f5a9afd9dadd917ff62316ce9ce099de61d90362c2bd404ba937b8670f0c8bec6a35b92f3caf983de61fa3e47bd24beb78505b6a8d48859c9c4b5b',4,'agent','danielle06@example.net','1261992122',1),(250,'maynardmadeline','scrypt:32768:8:1$Nz1Kycy6zfsXUgRL$a4d9dfd4f8f5a9afd9dadd917ff62316ce9ce099de61d90362c2bd404ba937b8670f0c8bec6a35b92f3caf983de61fa3e47bd24beb78505b6a8d48859c9c4b5b',4,'agent','halemary@example.net','1382156642',1),(251,'oellis','scrypt:32768:8:1$Nz1Kycy6zfsXUgRL$a4d9dfd4f8f5a9afd9dadd917ff62316ce9ce099de61d90362c2bd404ba937b8670f0c8bec6a35b92f3caf983de61fa3e47bd24beb78505b6a8d48859c9c4b5b',4,'agent','kimberly40@example.net','6551957765',0),(252,'whitejessica','scrypt:32768:8:1$Nz1Kycy6zfsXUgRL$a4d9dfd4f8f5a9afd9dadd917ff62316ce9ce099de61d90362c2bd404ba937b8670f0c8bec6a35b92f3caf983de61fa3e47bd24beb78505b6a8d48859c9c4b5b',4,'agent','kennethscott@example.com','9118677812',1),(253,'michaelbradshaw','scrypt:32768:8:1$Nz1Kycy6zfsXUgRL$a4d9dfd4f8f5a9afd9dadd917ff62316ce9ce099de61d90362c2bd404ba937b8670f0c8bec6a35b92f3caf983de61fa3e47bd24beb78505b6a8d48859c9c4b5b',4,'agent','ericellis@example.org','7538851682',1),(254,'tatemichael','scrypt:32768:8:1$Nz1Kycy6zfsXUgRL$a4d9dfd4f8f5a9afd9dadd917ff62316ce9ce099de61d90362c2bd404ba937b8670f0c8bec6a35b92f3caf983de61fa3e47bd24beb78505b6a8d48859c9c4b5b',4,'agent','taylorgregg@example.net','4558676701',0),(255,'steelejose','scrypt:32768:8:1$Nz1Kycy6zfsXUgRL$a4d9dfd4f8f5a9afd9dadd917ff62316ce9ce099de61d90362c2bd404ba937b8670f0c8bec6a35b92f3caf983de61fa3e47bd24beb78505b6a8d48859c9c4b5b',4,'agent','shannongarrett@example.com','9337830910',0),(256,'kenglish','scrypt:32768:8:1$Nz1Kycy6zfsXUgRL$a4d9dfd4f8f5a9afd9dadd917ff62316ce9ce099de61d90362c2bd404ba937b8670f0c8bec6a35b92f3caf983de61fa3e47bd24beb78505b6a8d48859c9c4b5b',4,'agent','andrea84@example.com','8645285646',1),(257,'xwilliams','scrypt:32768:8:1$Nz1Kycy6zfsXUgRL$a4d9dfd4f8f5a9afd9dadd917ff62316ce9ce099de61d90362c2bd404ba937b8670f0c8bec6a35b92f3caf983de61fa3e47bd24beb78505b6a8d48859c9c4b5b',4,'agent','larsenmichelle@example.org','8569460265',1),(258,'johnsonrichard','scrypt:32768:8:1$Nz1Kycy6zfsXUgRL$a4d9dfd4f8f5a9afd9dadd917ff62316ce9ce099de61d90362c2bd404ba937b8670f0c8bec6a35b92f3caf983de61fa3e47bd24beb78505b6a8d48859c9c4b5b',4,'agent','kellyatkinson@example.net','8548925583',0),(259,'mariosalazar','scrypt:32768:8:1$Nz1Kycy6zfsXUgRL$a4d9dfd4f8f5a9afd9dadd917ff62316ce9ce099de61d90362c2bd404ba937b8670f0c8bec6a35b92f3caf983de61fa3e47bd24beb78505b6a8d48859c9c4b5b',4,'agent','tholloway@example.com','7107407706',1),(260,'heathermason','scrypt:32768:8:1$Nz1Kycy6zfsXUgRL$a4d9dfd4f8f5a9afd9dadd917ff62316ce9ce099de61d90362c2bd404ba937b8670f0c8bec6a35b92f3caf983de61fa3e47bd24beb78505b6a8d48859c9c4b5b',4,'agent','haydenmichael@example.com','2062446192',1),(261,'timothyelliott','scrypt:32768:8:1$Nz1Kycy6zfsXUgRL$a4d9dfd4f8f5a9afd9dadd917ff62316ce9ce099de61d90362c2bd404ba937b8670f0c8bec6a35b92f3caf983de61fa3e47bd24beb78505b6a8d48859c9c4b5b',4,'agent','angela91@example.org','6940572106',0),(262,'lori62','scrypt:32768:8:1$Nz1Kycy6zfsXUgRL$a4d9dfd4f8f5a9afd9dadd917ff62316ce9ce099de61d90362c2bd404ba937b8670f0c8bec6a35b92f3caf983de61fa3e47bd24beb78505b6a8d48859c9c4b5b',4,'agent','nicole91@example.net','9747200453',0),(263,'leenancy','scrypt:32768:8:1$Nz1Kycy6zfsXUgRL$a4d9dfd4f8f5a9afd9dadd917ff62316ce9ce099de61d90362c2bd404ba937b8670f0c8bec6a35b92f3caf983de61fa3e47bd24beb78505b6a8d48859c9c4b5b',4,'agent','martinezkathy@example.org','9667272739',1),(264,'hrogers','scrypt:32768:8:1$Nz1Kycy6zfsXUgRL$a4d9dfd4f8f5a9afd9dadd917ff62316ce9ce099de61d90362c2bd404ba937b8670f0c8bec6a35b92f3caf983de61fa3e47bd24beb78505b6a8d48859c9c4b5b',4,'agent','katiebrandt@example.net','6432699135',1),(265,'xhiggins','scrypt:32768:8:1$Nz1Kycy6zfsXUgRL$a4d9dfd4f8f5a9afd9dadd917ff62316ce9ce099de61d90362c2bd404ba937b8670f0c8bec6a35b92f3caf983de61fa3e47bd24beb78505b6a8d48859c9c4b5b',4,'agent','nschwartz@example.com','3591746415',0),(266,'jennabentley','scrypt:32768:8:1$Nz1Kycy6zfsXUgRL$a4d9dfd4f8f5a9afd9dadd917ff62316ce9ce099de61d90362c2bd404ba937b8670f0c8bec6a35b92f3caf983de61fa3e47bd24beb78505b6a8d48859c9c4b5b',4,'agent','bthomas@example.net','8628759509',0),(267,'bentonricky','scrypt:32768:8:1$Nz1Kycy6zfsXUgRL$a4d9dfd4f8f5a9afd9dadd917ff62316ce9ce099de61d90362c2bd404ba937b8670f0c8bec6a35b92f3caf983de61fa3e47bd24beb78505b6a8d48859c9c4b5b',4,'agent','waterschristopher@example.org','5582612199',0),(268,'alexander85','scrypt:32768:8:1$Nz1Kycy6zfsXUgRL$a4d9dfd4f8f5a9afd9dadd917ff62316ce9ce099de61d90362c2bd404ba937b8670f0c8bec6a35b92f3caf983de61fa3e47bd24beb78505b6a8d48859c9c4b5b',4,'agent','wtate@example.net','1100758512',0),(269,'richard58','scrypt:32768:8:1$Nz1Kycy6zfsXUgRL$a4d9dfd4f8f5a9afd9dadd917ff62316ce9ce099de61d90362c2bd404ba937b8670f0c8bec6a35b92f3caf983de61fa3e47bd24beb78505b6a8d48859c9c4b5b',4,'agent','kayla56@example.org','9187655308',0),(270,'liuchristopher','scrypt:32768:8:1$Nz1Kycy6zfsXUgRL$a4d9dfd4f8f5a9afd9dadd917ff62316ce9ce099de61d90362c2bd404ba937b8670f0c8bec6a35b92f3caf983de61fa3e47bd24beb78505b6a8d48859c9c4b5b',4,'agent','nathanschwartz@example.com','7407714796',1),(271,'danawilliams','scrypt:32768:8:1$Nz1Kycy6zfsXUgRL$a4d9dfd4f8f5a9afd9dadd917ff62316ce9ce099de61d90362c2bd404ba937b8670f0c8bec6a35b92f3caf983de61fa3e47bd24beb78505b6a8d48859c9c4b5b',4,'agent','thomasgregory@example.com','5448761016',0),(272,'ufrost','scrypt:32768:8:1$Nz1Kycy6zfsXUgRL$a4d9dfd4f8f5a9afd9dadd917ff62316ce9ce099de61d90362c2bd404ba937b8670f0c8bec6a35b92f3caf983de61fa3e47bd24beb78505b6a8d48859c9c4b5b',4,'agent','smithdavid@example.org','9575705554',0),(273,'cwilliams','scrypt:32768:8:1$Nz1Kycy6zfsXUgRL$a4d9dfd4f8f5a9afd9dadd917ff62316ce9ce099de61d90362c2bd404ba937b8670f0c8bec6a35b92f3caf983de61fa3e47bd24beb78505b6a8d48859c9c4b5b',4,'agent','yjames@example.net','4956871410',0),(274,'williamhernandez','scrypt:32768:8:1$Nz1Kycy6zfsXUgRL$a4d9dfd4f8f5a9afd9dadd917ff62316ce9ce099de61d90362c2bd404ba937b8670f0c8bec6a35b92f3caf983de61fa3e47bd24beb78505b6a8d48859c9c4b5b',4,'agent','wsanders@example.com','4233355989',0),(275,'masontroy','scrypt:32768:8:1$Nz1Kycy6zfsXUgRL$a4d9dfd4f8f5a9afd9dadd917ff62316ce9ce099de61d90362c2bd404ba937b8670f0c8bec6a35b92f3caf983de61fa3e47bd24beb78505b6a8d48859c9c4b5b',4,'agent','tinaross@example.net','9635626689',1),(276,'mariadawson','scrypt:32768:8:1$Nz1Kycy6zfsXUgRL$a4d9dfd4f8f5a9afd9dadd917ff62316ce9ce099de61d90362c2bd404ba937b8670f0c8bec6a35b92f3caf983de61fa3e47bd24beb78505b6a8d48859c9c4b5b',4,'agent','mcmillanjennifer@example.org','1296665470',0),(277,'danielsimon','scrypt:32768:8:1$Nz1Kycy6zfsXUgRL$a4d9dfd4f8f5a9afd9dadd917ff62316ce9ce099de61d90362c2bd404ba937b8670f0c8bec6a35b92f3caf983de61fa3e47bd24beb78505b6a8d48859c9c4b5b',4,'agent','xcollins@example.net','2622641995',0),(278,'uphillips','scrypt:32768:8:1$Nz1Kycy6zfsXUgRL$a4d9dfd4f8f5a9afd9dadd917ff62316ce9ce099de61d90362c2bd404ba937b8670f0c8bec6a35b92f3caf983de61fa3e47bd24beb78505b6a8d48859c9c4b5b',4,'agent','lhughes@example.com','9489743285',0),(279,'heatherhoward','scrypt:32768:8:1$Nz1Kycy6zfsXUgRL$a4d9dfd4f8f5a9afd9dadd917ff62316ce9ce099de61d90362c2bd404ba937b8670f0c8bec6a35b92f3caf983de61fa3e47bd24beb78505b6a8d48859c9c4b5b',4,'agent','spearson@example.com','7797611364',0),(280,'thomas77','scrypt:32768:8:1$Nz1Kycy6zfsXUgRL$a4d9dfd4f8f5a9afd9dadd917ff62316ce9ce099de61d90362c2bd404ba937b8670f0c8bec6a35b92f3caf983de61fa3e47bd24beb78505b6a8d48859c9c4b5b',4,'agent','llewis@example.net','6328318415',1),(281,'kevin09','scrypt:32768:8:1$Nz1Kycy6zfsXUgRL$a4d9dfd4f8f5a9afd9dadd917ff62316ce9ce099de61d90362c2bd404ba937b8670f0c8bec6a35b92f3caf983de61fa3e47bd24beb78505b6a8d48859c9c4b5b',4,'agent','jenna30@example.org','3998301875',1),(282,'pateltammy','scrypt:32768:8:1$Nz1Kycy6zfsXUgRL$a4d9dfd4f8f5a9afd9dadd917ff62316ce9ce099de61d90362c2bd404ba937b8670f0c8bec6a35b92f3caf983de61fa3e47bd24beb78505b6a8d48859c9c4b5b',4,'agent','steelecorey@example.com','1614479263',0),(283,'simpsonkimberly','scrypt:32768:8:1$Nz1Kycy6zfsXUgRL$a4d9dfd4f8f5a9afd9dadd917ff62316ce9ce099de61d90362c2bd404ba937b8670f0c8bec6a35b92f3caf983de61fa3e47bd24beb78505b6a8d48859c9c4b5b',4,'agent','carrie96@example.org','1177405831',0),(284,'fturner','scrypt:32768:8:1$Nz1Kycy6zfsXUgRL$a4d9dfd4f8f5a9afd9dadd917ff62316ce9ce099de61d90362c2bd404ba937b8670f0c8bec6a35b92f3caf983de61fa3e47bd24beb78505b6a8d48859c9c4b5b',4,'agent','morenozachary@example.net','3898483938',1),(285,'pibarra','scrypt:32768:8:1$Nz1Kycy6zfsXUgRL$a4d9dfd4f8f5a9afd9dadd917ff62316ce9ce099de61d90362c2bd404ba937b8670f0c8bec6a35b92f3caf983de61fa3e47bd24beb78505b6a8d48859c9c4b5b',4,'agent','darrell29@example.org','4318581418',1),(286,'whitecynthia','scrypt:32768:8:1$Nz1Kycy6zfsXUgRL$a4d9dfd4f8f5a9afd9dadd917ff62316ce9ce099de61d90362c2bd404ba937b8670f0c8bec6a35b92f3caf983de61fa3e47bd24beb78505b6a8d48859c9c4b5b',4,'agent','kelly52@example.org','3282809129',1),(287,'sarasummers','scrypt:32768:8:1$Nz1Kycy6zfsXUgRL$a4d9dfd4f8f5a9afd9dadd917ff62316ce9ce099de61d90362c2bd404ba937b8670f0c8bec6a35b92f3caf983de61fa3e47bd24beb78505b6a8d48859c9c4b5b',4,'agent','vcastillo@example.com','3401065909',0),(288,'hsteele','scrypt:32768:8:1$Nz1Kycy6zfsXUgRL$a4d9dfd4f8f5a9afd9dadd917ff62316ce9ce099de61d90362c2bd404ba937b8670f0c8bec6a35b92f3caf983de61fa3e47bd24beb78505b6a8d48859c9c4b5b',4,'agent','scastillo@example.org','8372289495',0),(289,'lperez','scrypt:32768:8:1$Nz1Kycy6zfsXUgRL$a4d9dfd4f8f5a9afd9dadd917ff62316ce9ce099de61d90362c2bd404ba937b8670f0c8bec6a35b92f3caf983de61fa3e47bd24beb78505b6a8d48859c9c4b5b',4,'agent','alvarezkarina@example.net','7090828103',1),(290,'johnbuchanan','scrypt:32768:8:1$Nz1Kycy6zfsXUgRL$a4d9dfd4f8f5a9afd9dadd917ff62316ce9ce099de61d90362c2bd404ba937b8670f0c8bec6a35b92f3caf983de61fa3e47bd24beb78505b6a8d48859c9c4b5b',4,'agent','vdunn@example.com','1202759920',0),(291,'jamesmiller','scrypt:32768:8:1$Nz1Kycy6zfsXUgRL$a4d9dfd4f8f5a9afd9dadd917ff62316ce9ce099de61d90362c2bd404ba937b8670f0c8bec6a35b92f3caf983de61fa3e47bd24beb78505b6a8d48859c9c4b5b',4,'agent','teresabeck@example.com','8172884414',1),(292,'aguilaromar','scrypt:32768:8:1$Nz1Kycy6zfsXUgRL$a4d9dfd4f8f5a9afd9dadd917ff62316ce9ce099de61d90362c2bd404ba937b8670f0c8bec6a35b92f3caf983de61fa3e47bd24beb78505b6a8d48859c9c4b5b',4,'agent','brewermichael@example.com','8857431946',1),(293,'jonescindy','scrypt:32768:8:1$Nz1Kycy6zfsXUgRL$a4d9dfd4f8f5a9afd9dadd917ff62316ce9ce099de61d90362c2bd404ba937b8670f0c8bec6a35b92f3caf983de61fa3e47bd24beb78505b6a8d48859c9c4b5b',4,'agent','rgibson@example.org','6138518066',1),(294,'kennethclark','scrypt:32768:8:1$Nz1Kycy6zfsXUgRL$a4d9dfd4f8f5a9afd9dadd917ff62316ce9ce099de61d90362c2bd404ba937b8670f0c8bec6a35b92f3caf983de61fa3e47bd24beb78505b6a8d48859c9c4b5b',4,'agent','vclark@example.net','4289657671',0),(295,'keithmiller','scrypt:32768:8:1$Nz1Kycy6zfsXUgRL$a4d9dfd4f8f5a9afd9dadd917ff62316ce9ce099de61d90362c2bd404ba937b8670f0c8bec6a35b92f3caf983de61fa3e47bd24beb78505b6a8d48859c9c4b5b',4,'agent','hensleyadam@example.org','4224111709',1),(296,'jasonpacheco','scrypt:32768:8:1$Nz1Kycy6zfsXUgRL$a4d9dfd4f8f5a9afd9dadd917ff62316ce9ce099de61d90362c2bd404ba937b8670f0c8bec6a35b92f3caf983de61fa3e47bd24beb78505b6a8d48859c9c4b5b',4,'agent','parsonsandrea@example.net','4199859099',1),(297,'amber35','scrypt:32768:8:1$Nz1Kycy6zfsXUgRL$a4d9dfd4f8f5a9afd9dadd917ff62316ce9ce099de61d90362c2bd404ba937b8670f0c8bec6a35b92f3caf983de61fa3e47bd24beb78505b6a8d48859c9c4b5b',4,'agent','collinsfelicia@example.org','1721075839',0),(298,'ugarcia','scrypt:32768:8:1$Nz1Kycy6zfsXUgRL$a4d9dfd4f8f5a9afd9dadd917ff62316ce9ce099de61d90362c2bd404ba937b8670f0c8bec6a35b92f3caf983de61fa3e47bd24beb78505b6a8d48859c9c4b5b',4,'agent','randy56@example.org','3320652286',0),(299,'webbalexander','scrypt:32768:8:1$Nz1Kycy6zfsXUgRL$a4d9dfd4f8f5a9afd9dadd917ff62316ce9ce099de61d90362c2bd404ba937b8670f0c8bec6a35b92f3caf983de61fa3e47bd24beb78505b6a8d48859c9c4b5b',4,'agent','jennifer70@example.org','5505546110',0),(300,'jason05','scrypt:32768:8:1$Nz1Kycy6zfsXUgRL$a4d9dfd4f8f5a9afd9dadd917ff62316ce9ce099de61d90362c2bd404ba937b8670f0c8bec6a35b92f3caf983de61fa3e47bd24beb78505b6a8d48859c9c4b5b',4,'agent','autumn28@example.com','6761893118',1),(301,'matthew65','scrypt:32768:8:1$Nz1Kycy6zfsXUgRL$a4d9dfd4f8f5a9afd9dadd917ff62316ce9ce099de61d90362c2bd404ba937b8670f0c8bec6a35b92f3caf983de61fa3e47bd24beb78505b6a8d48859c9c4b5b',4,'agent','jamieford@example.net','4258429154',1);
/*!40000 ALTER TABLE `user_account` ENABLE KEYS */;
UNLOCK TABLES;

--
-- Table structure for table `user_profile`
--

DROP TABLE IF EXISTS `user_profile`;
/*!40101 SET @saved_cs_client     = @@character_set_client */;
/*!50503 SET character_set_client = utf8mb4 */;
CREATE TABLE `user_profile` (
  `id` int NOT NULL AUTO_INCREMENT,
  `role` varchar(50) NOT NULL,
  `description` text,
  `is_suspended` tinyint(1) DEFAULT NULL,
  PRIMARY KEY (`id`)
) ENGINE=InnoDB AUTO_INCREMENT=5 DEFAULT CHARSET=utf8mb4 COLLATE=utf8mb4_0900_ai_ci;
/*!40101 SET character_set_client = @saved_cs_client */;

--
-- Dumping data for table `user_profile`
--

LOCK TABLES `user_profile` WRITE;
/*!40000 ALTER TABLE `user_profile` DISABLE KEYS */;
INSERT INTO `user_profile` VALUES (1,'admin','Begin fly require although. Pressure write first plan national authority area. Together new radio source father writer. Last both seat she.',0),(2,'buyer','All baby fine body executive plan lawyer where. Think need life actually listen because.',0),(3,'seller','How little difficult successful a. Draw usually get dark.\nDown mission lose trial. Act partner without.\nInvestment mention none professional firm control. Avoid role turn.',0),(4,'agent','Believe draw whatever former hope force change. Number idea than training commercial part official. Garden behind north sure.',0);
/*!40000 ALTER TABLE `user_profile` ENABLE KEYS */;
UNLOCK TABLES;
/*!40103 SET TIME_ZONE=@OLD_TIME_ZONE */;

/*!40101 SET SQL_MODE=@OLD_SQL_MODE */;
/*!40014 SET FOREIGN_KEY_CHECKS=@OLD_FOREIGN_KEY_CHECKS */;
/*!40014 SET UNIQUE_CHECKS=@OLD_UNIQUE_CHECKS */;
/*!40101 SET CHARACTER_SET_CLIENT=@OLD_CHARACTER_SET_CLIENT */;
/*!40101 SET CHARACTER_SET_RESULTS=@OLD_CHARACTER_SET_RESULTS */;
/*!40101 SET COLLATION_CONNECTION=@OLD_COLLATION_CONNECTION */;
/*!40111 SET SQL_NOTES=@OLD_SQL_NOTES */;

-- Dump completed on 2024-11-14 15:09:27
